clause_id,clause_text,jurisdiction,clause_type,monthly_rent_bracket,legal_basis,risk_label,label_source,rationale,monthly_rent_bracket_raw,legal_basis_raw,flagged_for_review
DEL-SD-001,Security deposit shall be equal to 2 months' rent and refunded within 15 days of vacating the premises after deducting valid dues.,delhi,security_deposit,above_3500,market_convention,Safe,synthetic,Within typical 2-3 month market convention; refund timeline reasonable.,above_3500,market_convention,False
DEL-SD-002,"Tenant shall pay a security deposit of 3 months' rent, to be returned in full within 30 days of handing over vacant possession, subject to deductions for damages beyond normal wear and tear.",delhi,security_deposit,above_3500,market_convention,Safe,synthetic,"Standard deposit amount, reasonable refund window, deduction scope limited to genuine damages.",above_3500,market_convention,False
DEL-SD-003,"Security deposit of 6 months' rent shall be collected and refunded within 45 days of vacating, minus outstanding utility bills.",delhi,security_deposit,above_3500,market_convention,Caution,synthetic,"6 months exceeds typical 2-3 month convention; 45-day refund window longer than ideal, though not illegal.",above_3500,market_convention,False
DEL-SD-004,Deposit amount equal to 5 months' rent shall be adjusted towards the final two months of tenancy in lieu of a cash refund.,delhi,security_deposit,above_3500,market_convention,Caution,synthetic,Adjusting deposit against final rent instead of a proper refund is tenant-disadvantageous and ambiguous on surplus handling.,above_3500,market_convention,False
DEL-SD-005,"Refund of security deposit shall be processed only after landlord's satisfaction with the condition of the property, without specifying a timeline.",delhi,security_deposit,above_3500,general_law,Caution,synthetic,No defined refund timeline creates room for indefinite withholding; subjective 'satisfaction' standard is vague.,above_3500,general_law,False
DEL-SD-006,Tenant shall pay a security deposit equal to 11 months' rent at the time of signing the agreement.,delhi,security_deposit,above_3500,market_convention,High Risk,synthetic,Extreme outlier vs 2-3 month market convention; no statutory cap applies but this deviates far beyond normal practice.,above_3500,market_convention,False
DEL-SD-007,"Security deposit shall not be refunded if the tenant vacates before completion of the lock-in period, irrespective of reason.",delhi,security_deposit,above_3500,general_law,High Risk,synthetic,"Blanket non-refund clause undermines the basic purpose of a deposit, which should be refundable minus legitimate deductions.",above_3500,general_law,False
DEL-SD-008,Landlord reserves the right to deduct any amount from the security deposit at his sole discretion without providing receipts or justification.,delhi,security_deposit,above_3500,general_law,High Risk,synthetic,Unilateral deduction without itemized justification is a recognized unfair contract term regardless of statutory cap.,above_3500,general_law,False
DEL-SD-009,"Security deposit collected shall not exceed the limits applicable under the Delhi Rent Control Act, 1958 for tenancies within its scope, and shall be refunded on vacating the premises.",delhi,security_deposit,le_3500,general_law,Safe,rule_based,"The DRCA clearly applies only within its statutory scope, but the Act text reviewed does not state a general two-month security-deposit cap. The clause is therefore not labeled as a DRCA deposit-cap rule.",le_3500,general_law,False
DEL-SD-010,"Security deposit shall be refunded within 90 days of vacating the premises, subject to landlord's inspection report.",delhi,security_deposit,le_3500,statutory,Caution,synthetic,90-day refund window is longer than typical reasonable timeframe even for Act-covered tenancies.,le_3500,statutory,False
DEL-NL-001,Either party may terminate the tenancy by providing one month's written notice to the other party.,delhi,notice_lockin,above_3500,market_convention,Safe,synthetic,"Standard, symmetric one-month notice period for both parties.",above_3500,market_convention,False
DEL-NL-002,"The agreement shall have a lock-in period of 3 months, during which neither party may terminate without mutual consent.",delhi,notice_lockin,above_3500,market_convention,Safe,synthetic,"Short, mutual lock-in period is common and reasonable in the Delhi rental market.",above_3500,market_convention,False
DEL-NL-003,"Tenant shall provide two months' written notice to vacate, while landlord may terminate the agreement with 15 days' notice.",delhi,notice_lockin,above_3500,market_convention,Caution,synthetic,Asymmetric notice periods disadvantage the tenant; common in practice but worth flagging as unbalanced.,above_3500,market_convention,False
DEL-NL-004,"Lock-in period of 12 months shall apply, during which tenant vacating early shall forfeit the entire security deposit.",delhi,notice_lockin,above_3500,market_convention,Caution,synthetic,Full-term lock-in with full deposit forfeiture is a harsh penalty structure relative to typical 3-6 month lock-ins.,above_3500,market_convention,False
DEL-NL-005,Landlord may terminate the tenancy at any time without notice if he deems it necessary.,delhi,notice_lockin,above_3500,general_law,High Risk,synthetic,No-notice termination at landlord's sole discretion bypasses due process requirements for eviction.,above_3500,general_law,False
DEL-NL-006,Tenant shall not be entitled to any notice period before eviction under any circumstances.,delhi,notice_lockin,above_3500,general_law,High Risk,synthetic,Blanket waiver of notice rights is not enforceable; eviction requires due legal process regardless of contract wording.,above_3500,general_law,False
DEL-NL-007,"Eviction of tenant shall be carried out only through due process before the Rent Controller, on grounds recognized under the Delhi Rent Control Act, 1958.",delhi,notice_lockin,le_3500,statutory,Safe,rule_based,Correctly reflects that eviction for Act-covered tenancies requires Rent Controller proceedings on specified grounds.,le_3500,statutory,False
DEL-NL-008,Landlord may change locks or restrict access to the premises if rent is delayed by more than 3 days.,delhi,notice_lockin,above_3500,general_law,High Risk,synthetic,Self-help eviction (changing locks without a court order) is illegal regardless of rent bracket or delay duration.,above_3500,general_law,False
DEL-NL-009,Lock-in period of 11 months applies with no provision for early exit even in case of job relocation or emergency.,delhi,notice_lockin,above_3500,market_convention,Caution,synthetic,Full-term lock-in with zero exit flexibility is rigid compared to common market practice allowing negotiated early exit.,above_3500,market_convention,False
DEL-NL-010,Tenant may terminate the agreement early by providing 2 months' notice and forfeiting one month's deposit as an early-exit charge.,delhi,notice_lockin,above_3500,market_convention,Safe,synthetic,"Reasonable, clearly defined early-exit mechanism with proportionate charge.",above_3500,market_convention,False
DEL-MR-001,"Landlord shall be responsible for structural repairs, while tenant shall bear minor day-to-day maintenance costs.",delhi,maintenance,above_3500,market_convention,Safe,synthetic,"Standard, balanced allocation of repair responsibility.",above_3500,market_convention,False
DEL-MR-002,Major repairs including plumbing and electrical fittings shall be undertaken by the landlord at his own cost.,delhi,maintenance,above_3500,market_convention,Safe,synthetic,Landlord bearing major/structural repair costs is standard practice.,above_3500,market_convention,False
DEL-MR-003,"Tenant shall bear the cost of all repairs during the tenancy, including structural and major appliance repairs, except in case of natural disaster.",delhi,maintenance,above_3500,market_convention,Caution,synthetic,Shifting structural repair burden onto tenant is an overreach compared to standard practice.,above_3500,market_convention,False
DEL-MR-004,"Any repair cost incurred by the tenant shall be reimbursed by the landlord only upon prior written approval, without a defined response timeline.",delhi,maintenance,above_3500,market_convention,Caution,synthetic,Lack of a defined approval/reimbursement timeline creates room for indefinite delay.,above_3500,market_convention,False
DEL-MR-005,"Tenant shall bear full responsibility for all repairs and maintenance, including structural damage, regardless of cause.",delhi,maintenance,above_3500,general_law,High Risk,synthetic,Making tenant liable for structural damage regardless of cause (including landlord's own building defects) is an unreasonable risk transfer.,above_3500,general_law,False
DEL-MR-006,Any deduction from the security deposit for repairs shall be at the landlord's sole discretion without supporting invoices.,delhi,maintenance,above_3500,market_convention,High Risk,synthetic,Unsupported unilateral deductions lack the accountability expected in a fair deposit-return process.,above_3500,market_convention,False
DEL-MR-007,"Society maintenance charges shall be borne by the tenant, while property tax and structural repairs remain the landlord's responsibility.",delhi,maintenance,above_3500,market_convention,Safe,synthetic,"Standard, commonly accepted split of recurring vs. structural costs.",above_3500,market_convention,False
DEL-MR-008,Tenant shall pay for pest control and appliance servicing on a quarterly basis regardless of actual need.,delhi,maintenance,above_3500,market_convention,Caution,synthetic,"Mandatory recurring charges regardless of actual need are an unusual, tenant-unfavorable cost structure.",above_3500,market_convention,False
DEL-MR-009,Landlord shall maintain the premises in a habitable condition and undertake essential repairs as required to keep the property fit for occupation.,delhi,maintenance,le_3500,statutory,Safe,rule_based,"Reflects the landlord's general obligation to maintain habitability, consistent with tenant protection intent of the DRCA.",le_3500,statutory,False
DEL-MR-010,"Landlord shall not be liable for any repairs during the tenancy under any circumstances, including basic habitability issues like water leakage or electrical faults.",delhi,maintenance,above_3500,general_law,High Risk,synthetic,Blanket waiver of landlord's basic habitability obligations is an extreme and unenforceable risk transfer.,above_3500,general_law,False
DEL-RE-001,"Rent shall be increased by not more than 10%, once in three years, with at least 30 days' written notice, as per Delhi Rent Control Act provisions applicable to this tenancy.",delhi,rent_escalation,le_3500,statutory,Safe,rule_based,"Section 6A permits a ten-per-cent increase every three years, while Section 8 requires written notice and makes the increase recoverable after expiry of 30 days from notice.",le_3500,statutory,False
DEL-RE-002,Rent shall increase by 5% annually with one month's written notice prior to each revision.,delhi,rent_escalation,above_3500,market_convention,Safe,synthetic,Modest annual escalation with reasonable advance notice; standard market practice.,above_3500,market_convention,False
DEL-RE-003,Rent shall increase by 10% annually with 15 days' notice before each revision.,delhi,rent_escalation,above_3500,market_convention,Caution,synthetic,Shorter notice than the conventional 1-3 month range gives tenant little time to plan around the increase.,above_3500,market_convention,False
DEL-RE-004,"Rent may be revised annually at landlord's discretion based on prevailing market rates, without a defined percentage cap.",delhi,rent_escalation,above_3500,market_convention,Caution,synthetic,"Open-ended, undefined escalation basis creates unpredictability for the tenant.",above_3500,market_convention,False
DEL-RE-005,Landlord may increase rent at any time during the tenancy without prior notice to the tenant.,delhi,rent_escalation,above_3500,general_law,High Risk,synthetic,"No-notice, any-time rent increase during a fixed term contradicts basic contractual fairness and typical practice.",above_3500,general_law,False
DEL-RE-006,Rent shall increase by 25% every six months for the duration of the tenancy.,delhi,rent_escalation,above_3500,market_convention,High Risk,synthetic,25% biannual escalation is a significant outlier vs. typical 5-10% annual market convention.,above_3500,market_convention,False
DEL-RE-007,"Rent shall remain fixed for the duration of the 11-month agreement, with revision only upon renewal by mutual consent.",delhi,rent_escalation,above_3500,market_convention,Safe,synthetic,"Fixed-term rent with mutual-consent renewal revision is standard, tenant-favorable practice.",above_3500,market_convention,False
DEL-RE-008,"Rent shall be increased by 10% every year instead of once in three years as generally applicable under the Delhi Rent Control Act, 1958 for Act-covered tenancies.",delhi,rent_escalation,le_3500,statutory,Caution,synthetic,Exceeds the standard revision frequency described in secondary sources for Act-covered tenancies -- verify against primary Section text.,le_3500,statutory,False
DEL-RE-009,Any refusal by tenant to accept a rent increase shall be treated as grounds for immediate eviction without notice.,delhi,rent_escalation,above_3500,general_law,High Risk,synthetic,Treating rent-increase refusal as automatic eviction grounds bypasses due legal process entirely.,above_3500,general_law,False
DEL-RE-010,Any increase in rent shall be mutually agreed upon in writing and shall not exceed the percentage specified in this agreement.,delhi,rent_escalation,above_3500,market_convention,Safe,synthetic,Requires mutual written agreement and a defined cap; fair and predictable structure.,above_3500,market_convention,False
DEL-TE-001,"Either party may terminate this agreement with 30 days' written notice, without assigning any reason.",delhi,termination_eviction,above_3500,market_convention,Safe,synthetic,"Standard, symmetric no-fault termination clause.",above_3500,market_convention,False
DEL-TE-002,"Tenant shall be evicted only on grounds recognized under Section 14 of the Delhi Rent Control Act, 1958, including non-payment of rent or bona fide requirement by the landlord, subject to Rent Controller's order.",delhi,termination_eviction,le_3500,statutory,Safe,rule_based,Correctly reflects statutory eviction grounds and due-process requirement for Act-covered tenancies.,le_3500,statutory,False
DEL-TE-003,Landlord may terminate the agreement without cause upon 15 days' written notice.,delhi,termination_eviction,above_3500,market_convention,Caution,synthetic,Short 15-day notice for landlord-initiated no-cause termination is less than the more common 30-60 day range.,above_3500,market_convention,False
DEL-TE-004,"Tenant agrees to vacate immediately upon landlord's request, without recourse to legal process.",delhi,termination_eviction,above_3500,general_law,High Risk,synthetic,"Attempts to contractually waive tenant's right to due legal eviction process, which cannot be lawfully waived.",above_3500,general_law,False
DEL-TE-005,Landlord may forcibly remove tenant's belongings and re-let the premises if rent is delayed beyond 7 days.,delhi,termination_eviction,above_3500,general_law,High Risk,synthetic,Self-help eviction and forcible removal of belongings is illegal regardless of rent delay duration.,above_3500,general_law,False
DEL-TE-006,Landlord may disconnect water and electricity supply to compel the tenant to vacate.,delhi,termination_eviction,above_3500,general_law,High Risk,synthetic,Utility disconnection as a pressure tactic to force eviction is a widely recognized illegal practice.,above_3500,general_law,False
DEL-TE-007,"In the event of termination, both parties shall settle outstanding dues and hand over/accept vacant possession within 7 days.",delhi,termination_eviction,above_3500,market_convention,Safe,synthetic,"Clear, balanced handover process with a reasonable timeline.",above_3500,market_convention,False
DEL-TE-008,"Tenant shall be liable for the remaining lock-in period's rent in full if agreement is terminated early, regardless of reason.",delhi,termination_eviction,above_3500,market_convention,Caution,synthetic,'Regardless of reason' framing is inflexible even for legitimate emergencies; common but tenant-unfavorable.,above_3500,market_convention,False
DEL-TE-009,Tenant waives all rights to legal notice or hearing in case of eviction for any reason whatsoever.,delhi,termination_eviction,above_3500,general_law,High Risk,synthetic,Blanket waiver of legal notice/hearing rights is unenforceable; due process cannot be contractually waived.,above_3500,general_law,False
DEL-TE-010,"Eviction proceedings, if any, shall be conducted through the Rent Controller as prescribed under the Delhi Rent Control Act, 1958, ensuring due process for the tenant.",delhi,termination_eviction,le_3500,statutory,Safe,rule_based,Correctly reflects the due-process requirement for Act-covered tenancy eviction.,le_3500,statutory,False
DEL-SD-011,"Security deposit of 2 months' rent to be refunded within 10 days of vacation, subject to deduction for unpaid utility bills and damages beyond normal wear and tear.",delhi,security_deposit,above_3500,market_convention,Safe,synthetic,"Quick refund, standard deposit amount, and deductions limited to legitimate items.",above_3500,market_convention,False
DEL-SD-012,"Deposit equivalent to 4 months' rent, refundable within 60 days after deduction for any repair costs as determined by landlord.",delhi,security_deposit,above_3500,market_convention,Caution,synthetic,4 months is above typical 2-3 month range; 60-day refund is long; landlord's sole determination lacks transparency.,above_3500,market_convention,False
DEL-SD-013,"Security deposit shall be 3 months' rent and shall be refunded within 30 days of the tenant vacating, provided the tenant has given proper notice.",delhi,security_deposit,above_3500,market_convention,Safe,synthetic,Standard deposit amount and reasonable refund timeline; condition of proper notice is usual.,above_3500,market_convention,False
DEL-SD-014,Deposit of 8 months' rent shall be held as security and refunded within 45 days after deducting all outstanding dues.,delhi,security_deposit,above_3500,market_convention,Caution,synthetic,"8 months is a significant outlier; 45 days is longer than typical, though not illegal; caution warranted.",above_3500,market_convention,False
DEL-SD-015,"Security deposit shall be adjusted against the last three months' rent, and no refund shall be made.",delhi,security_deposit,above_3500,general_law,High Risk,synthetic,"Adjustment against final rent without any refund or surplus handling leaves tenant with no right to excess deposit, which is unfair.",above_3500,general_law,False
DEL-SD-016,"Deposit of 2 months' rent to be refunded within 30 days of vacating, with a detailed statement of deductions provided.",delhi,security_deposit,above_3500,market_convention,Safe,synthetic,"Standard deposit, reasonable timeline, and requirement for itemized deduction statement.",above_3500,market_convention,False
DEL-SD-017,"Tenant shall pay a security deposit of 6 months' rent, which shall be non-refundable in case of any breach by tenant.",delhi,security_deposit,above_3500,market_convention,Caution,synthetic,6 months is above market norm; non-refundable for 'any breach' is overly broad and may lead to unfair forfeiture.,above_3500,market_convention,False
DEL-SD-018,"Security deposit of 3 months' rent shall be refunded within 15 days of vacating, subject to deduction for unpaid rent and utilities only.",delhi,security_deposit,above_3500,market_convention,Safe,synthetic,"Standard deposit, prompt refund, and deductions explicitly limited to rent and utilities.",above_3500,market_convention,False
DEL-SD-019,"Deposit equal to 10 months' rent shall be collected and refunded within 90 days of vacating, with interest at 5% per annum.",delhi,security_deposit,above_3500,market_convention,High Risk,synthetic,"10 months is highly extreme; 90-day refund is very long; even with interest, this deviates drastically from market practice.",above_3500,market_convention,False
DEL-SD-020,"Security deposit shall be kept in a separate bank account and returned within 21 days of vacating, with an itemized list of deductions.",delhi,security_deposit,above_3500,market_convention,Safe,synthetic,"Good practice: separate account, prompt refund, and itemized deductions enhance tenant protection.",above_3500,market_convention,False
DEL-SD-021,"Security deposit shall not exceed the limit prescribed under the Delhi Rent Control Act, 1958, and shall be refunded within 15 days of vacating.",delhi,security_deposit,le_3500,general_law,Caution,synthetic,The DRCA source reviewed does not state a general two-month security-deposit cap. Treating the clause as compliance with a specific DRCA deposit limit could misstate the law.,le_3500,general_law,False
DEL-NL-011,Either party may terminate by giving 60 days' written notice.,delhi,notice_lockin,above_3500,market_convention,Safe,synthetic,"Symmetric, longer notice period is reasonable and gives both parties ample time.",above_3500,market_convention,False
DEL-NL-012,"Lock-in period of 6 months, early exit allowed with 2 months' notice and forfeiture of 50% of deposit.",delhi,notice_lockin,above_3500,market_convention,Safe,synthetic,"Moderate lock-in, clear early-exit mechanism with a proportionate forfeiture.",above_3500,market_convention,False
DEL-NL-013,Tenant shall give 3 months' notice to vacate; landlord may give 30 days' notice.,delhi,notice_lockin,above_3500,market_convention,Caution,synthetic,Asymmetric notice periods strongly favor the landlord and disadvantage the tenant.,above_3500,market_convention,False
DEL-NL-014,"Lock-in of 24 months, with no early termination except by mutual consent.",delhi,notice_lockin,above_3500,market_convention,Caution,synthetic,Very long lock-in period; lack of exit flexibility can be harsh for tenants.,above_3500,market_convention,False
DEL-NL-015,"Landlord may terminate immediately if tenant causes nuisance, without notice.",delhi,notice_lockin,above_3500,general_law,High Risk,synthetic,Immediate termination without notice for subjective 'nuisance' bypasses due process and is unenforceable.,above_3500,general_law,False
DEL-NL-016,Tenant must give one month's notice; landlord must give two months' notice.,delhi,notice_lockin,above_3500,market_convention,Safe,synthetic,"Symmetric in favor of tenant; gives tenant extra time to plan, which is fair.",above_3500,market_convention,False
DEL-NL-017,"Lock-in period of 11 months, tenant may exit early by paying 2 months' rent as penalty.",delhi,notice_lockin,above_3500,market_convention,Safe,synthetic,Clear early-exit penalty; 2 months' rent is a reasonable charge for breaking the lock-in.,above_3500,market_convention,False
DEL-NL-018,No lock-in period; either party may terminate with 15 days' notice.,delhi,notice_lockin,above_3500,market_convention,Safe,synthetic,"Flexible, short notice period; no lock-in gives tenant freedom to vacate easily.",above_3500,market_convention,False
DEL-NL-019,Landlord may terminate with 7 days' notice for non-payment of rent.,delhi,notice_lockin,above_3500,market_convention,Caution,synthetic,"7 days is very short notice for non-payment; although rent default is serious, this may not give tenant time to remedy.",above_3500,market_convention,False
DEL-NL-020,Tenant waives all rights to notice before eviction for any reason.,delhi,notice_lockin,above_3500,general_law,High Risk,synthetic,Blanket waiver of notice rights is unenforceable; eviction requires due process irrespective of contract.,above_3500,general_law,False
DEL-NL-021,"Lock-in period of 3 months, with early termination allowed on 30 days' notice without penalty.",delhi,notice_lockin,above_3500,market_convention,Safe,synthetic,Short lock-in and penalty-free exit after notice is tenant-friendly and reasonable.,above_3500,market_convention,False
DEL-MR-011,"Tenant to pay for all minor repairs, landlord for major structural repairs.",delhi,maintenance,above_3500,market_convention,Safe,synthetic,Standard split of maintenance responsibilities.,above_3500,market_convention,False
DEL-MR-012,Landlord shall be responsible for repairs to the building structure and common areas.,delhi,maintenance,above_3500,market_convention,Safe,synthetic,"Clearly assigns structural and common-area repairs to landlord, which is typical.",above_3500,market_convention,False
DEL-MR-013,Tenant shall bear cost of all repairs up to Rs. 5000 per year; beyond that landlord pays.,delhi,maintenance,above_3500,market_convention,Safe,synthetic,"Caps tenant's repair liability at a reasonable amount, leaving larger expenses to landlord.",above_3500,market_convention,False
DEL-MR-014,"Landlord shall not be liable for any repairs, including plumbing and electrical.",delhi,maintenance,above_3500,general_law,High Risk,synthetic,"Exempting landlord from all repairs, especially essential systems, is extreme and likely unenforceable.",above_3500,general_law,False
DEL-MR-015,Tenant shall maintain the garden and terrace; landlord maintains the building structure.,delhi,maintenance,above_3500,market_convention,Safe,synthetic,"Clear division: tenant handles external areas, landlord keeps structural integrity.",above_3500,market_convention,False
DEL-MR-016,Any repair request by tenant must be in writing; landlord shall respond within 7 days.,delhi,maintenance,above_3500,market_convention,Safe,synthetic,"Requires written request and sets a reasonable response timeline, ensuring accountability.",above_3500,market_convention,False
DEL-MR-017,Tenant shall be responsible for all maintenance charges including society fees and property taxes.,delhi,maintenance,above_3500,market_convention,Caution,synthetic,Property taxes are usually borne by landlord; shifting them to tenant is unusual and may be unfair.,above_3500,market_convention,False
DEL-MR-018,Landlord shall reimburse tenant for emergency repairs up to Rs. 2000 without prior approval.,delhi,maintenance,above_3500,market_convention,Safe,synthetic,Allows tenant to address emergencies quickly and ensures reimbursement for small amounts.,above_3500,market_convention,False
DEL-MR-019,"Tenant shall carry out all routine maintenance and major repairs at his own cost, except for defects arising from landlord's negligence.",delhi,maintenance,above_3500,market_convention,Caution,synthetic,"Shifting major repairs to tenant is an overreach; only exception is landlord's negligence, which may be difficult to prove.",above_3500,market_convention,False
DEL-MR-020,Landlord shall ensure the property is in habitable condition and shall carry out all necessary repairs within a reasonable time.,delhi,maintenance,le_3500,statutory,Safe,synthetic,Reflects the basic habitability obligation for Act-covered tenancies; reasonable timeline is fair.,le_3500,statutory,False
DEL-MR-021,Tenant shall be responsible for painting and whitewashing at the end of the tenancy.,delhi,maintenance,above_3500,market_convention,Safe,synthetic,"Typical clause requiring tenant to restore paint/wash, which is acceptable as it is cosmetic.",above_3500,market_convention,False
DEL-RE-011,"Rent shall increase by 5% every year, with 2 months' notice.",delhi,rent_escalation,above_3500,market_convention,Safe,synthetic,Low annual increase and long notice period are fair and predictable.,above_3500,market_convention,False
DEL-RE-012,"Rent shall increase by 15% annually, with 30 days' notice.",delhi,rent_escalation,above_3500,market_convention,Caution,synthetic,Higher than typical escalation and short notice make it challenging for tenant to budget.,above_3500,market_convention,False
DEL-RE-013,Rent shall be revised every two years based on CPI index.,delhi,rent_escalation,above_3500,market_convention,Safe,synthetic,"Objective, inflation-linked adjustment is transparent and fair.",above_3500,market_convention,False
DEL-RE-014,Landlord may increase rent at any time by any amount.,delhi,rent_escalation,above_3500,general_law,High Risk,synthetic,Unfettered discretion to raise rent without any cap or notice is fundamentally unfair and likely unenforceable.,above_3500,general_law,False
DEL-RE-015,"Rent shall increase by 10% every 12 months, with 1 month's notice.",delhi,rent_escalation,above_3500,market_convention,Safe,synthetic,Common 10% annual escalation with standard notice period.,above_3500,market_convention,False
DEL-RE-016,"Rent shall remain fixed for 2 years, then may be revised by mutual consent.",delhi,rent_escalation,above_3500,market_convention,Safe,synthetic,Fixed rent for a considerable period and mutual consent for revision is tenant-friendly.,above_3500,market_convention,False
DEL-RE-017,"Rent shall increase by 20% every year, with 15 days' notice.",delhi,rent_escalation,above_3500,market_convention,High Risk,synthetic,20% annual hike is extreme; 15 days notice is insufficient; clearly a high-risk clause.,above_3500,market_convention,False
DEL-RE-018,Rent shall increase only upon renewal of the agreement.,delhi,rent_escalation,above_3500,market_convention,Safe,synthetic,"Predictable: rent stays same during the term, changes only at renewal, which is acceptable.",above_3500,market_convention,False
DEL-RE-019,"Landlord may increase rent by up to 10% every three years, as per DRCA for applicable tenancies.",delhi,rent_escalation,le_3500,statutory,Safe,synthetic,Complies with the DRCA rent revision norm for Act-covered tenancies.,le_3500,statutory,False
DEL-RE-020,Rent shall be increased every 6 months at 5%.,delhi,rent_escalation,above_3500,market_convention,Caution,synthetic,"Biannual increases, even if small, create frequent adjustments that may burden the tenant.",above_3500,market_convention,False
DEL-RE-021,"Rent shall be fixed for the first year, then may be increased by 10% annually with 3 months' notice.",delhi,rent_escalation,above_3500,market_convention,Safe,synthetic,Initial fixed term followed by a moderate annual increase with ample notice.,above_3500,market_convention,False
DEL-TE-011,Either party may terminate with 30 days' notice.,delhi,termination_eviction,above_3500,market_convention,Safe,synthetic,"Standard, symmetric notice period.",above_3500,market_convention,False
DEL-TE-012,Tenant shall be evicted for non-payment of rent after 15 days' notice.,delhi,termination_eviction,above_3500,market_convention,Caution,synthetic,15 days is short but common; still may not give tenant enough time to pay arrears.,above_3500,market_convention,False
DEL-TE-013,"Landlord may evict tenant for causing nuisance, with 7 days' notice.",delhi,termination_eviction,above_3500,market_convention,Caution,synthetic,Short notice and subjective 'nuisance' ground may be abused; caution advised.,above_3500,market_convention,False
DEL-TE-014,Tenant shall vacate on expiry of the agreement; no notice required.,delhi,termination_eviction,above_3500,market_convention,Safe,synthetic,"Natural expiry, no notice needed; it's a standard practice.",above_3500,market_convention,False
DEL-TE-015,Landlord may lock out tenant for any breach of agreement.,delhi,termination_eviction,above_3500,general_law,High Risk,synthetic,Self-help lockout is illegal; any breach does not justify forcible exclusion.,above_3500,general_law,False
DEL-TE-016,Eviction shall be carried out only through court order.,delhi,termination_eviction,le_3500,statutory,Safe,synthetic,Properly mandates judicial process for eviction in Act-covered tenancies.,le_3500,statutory,False
DEL-TE-017,Tenant shall be liable for all legal costs in case of eviction proceedings.,delhi,termination_eviction,above_3500,market_convention,Caution,synthetic,"While not illegal, shifting all legal costs to tenant could be onerous; common but worth flagging.",above_3500,market_convention,False
DEL-TE-018,Landlord may terminate the agreement without cause upon 30 days' notice.,delhi,termination_eviction,above_3500,market_convention,Safe,synthetic,Symmetric no-cause termination with reasonable notice is acceptable.,above_3500,market_convention,False
DEL-TE-019,Tenant shall not be entitled to any compensation or relocation assistance upon eviction.,delhi,termination_eviction,above_3500,market_convention,Safe,synthetic,No compensation is typical; landlords are not generally required to provide relocation assistance.,above_3500,market_convention,False
DEL-TE-020,"Agreement terminates automatically upon tenant's death, and heirs must vacate within 15 days.",delhi,termination_eviction,above_3500,market_convention,Caution,synthetic,Automatic termination upon death may be harsh for heirs; 15 days is short to arrange vacating.,above_3500,market_convention,False
DEL-TE-021,Either party may terminate the tenancy by giving one month's notice; no reason required.,delhi,termination_eviction,above_3500,market_convention,Safe,synthetic,"Standard, symmetric no-fault termination.",above_3500,market_convention,False
DEL-SD-022,"Tenant shall pay a refundable security deposit equal to one month's rent, with deductions limited to documented unpaid dues or tenant-caused damage.",delhi,security_deposit,above_3500,market_convention,Safe,synthetic_augmented,"Low deposit with defined, documented deductions is commercially clear and tenant-protective.",above_3500,market_convention,False
DEL-SD-023,"Tenant shall pay a refundable security deposit equal to two months' rent, refundable after final meter readings and settlement of documented dues.",delhi,security_deposit,above_3500,market_convention,Safe,synthetic_augmented,Two months is within common market practice and the settlement process is defined.,above_3500,market_convention,False
DEL-SD-024,"Tenant shall pay a refundable security deposit equal to three months' rent, with any deduction supported by an itemized statement.",delhi,security_deposit,above_3500,market_convention,Safe,synthetic_augmented,Three months is a common market benchmark and itemization improves transparency.,above_3500,market_convention,False
DEL-SD-025,"Tenant shall pay a refundable security deposit equal to four months' rent, refundable within 30 days after vacant possession.",delhi,security_deposit,above_3500,market_convention,Caution,synthetic_augmented,"Four months is above the common 2–3 month benchmark, though it is not by itself a DRCA violation for rent above ₹3,500.",above_3500,market_convention,False
DEL-SD-026,"Tenant shall pay a refundable security deposit equal to six months' rent, with refund subject to an itemized account of deductions.",delhi,security_deposit,above_3500,market_convention,Caution,synthetic_augmented,"Six months is a significant market outlier and should be negotiated, but the amount is not automatically illegal under the DRCA for rent above ₹3,500.",above_3500,market_convention,False
DEL-SD-027,"Tenant shall pay a refundable security deposit equal to ten months' rent, refundable within 30 days after handover.",delhi,security_deposit,above_3500,market_convention,High Risk,synthetic_augmented,"Ten months is an extreme market outlier and creates substantial tenant exposure even though there is no general DRCA cap for rent above ₹3,500.",above_3500,market_convention,False
DEL-SD-028,The security deposit shall be treated as non-refundable once the tenant gives notice to vacate.,delhi,security_deposit,above_3500,general_law,High Risk,synthetic_augmented,A blanket non-refund rule defeats the ordinary purpose of a refundable security deposit and is heavily tenant-disadvantageous.,above_3500,general_law,False
DEL-SD-029,Landlord may deduct any amount from the security deposit for any reason considered appropriate by the landlord.,delhi,security_deposit,above_3500,general_law,High Risk,synthetic_augmented,Unlimited unilateral deductions without objective criteria or evidence create an abusive and unpredictable deduction mechanism.,above_3500,general_law,False
DEL-SD-030,"The security deposit shall be refunded only after the landlord is fully satisfied with the property's condition, with no maximum refund period.",delhi,security_deposit,above_3500,general_law,Caution,synthetic_augmented,A subjective condition combined with no deadline creates a risk of indefinite withholding.,above_3500,general_law,False
DEL-SD-031,"Tenant authorizes the landlord to retain the entire deposit for any breach, regardless of the actual financial loss caused.",delhi,security_deposit,above_3500,general_law,High Risk,synthetic_augmented,Automatic forfeiture regardless of actual loss is disproportionate and exposes the tenant to excessive penalties.,above_3500,general_law,False
DEL-SD-032,"For a tenancy at monthly rent of ₹3,500, the parties record a refundable deposit of two months' rent and an itemized deduction process.",delhi,security_deposit,le_3500,statutory,Safe,synthetic_augmented,The clause does not invent a DRCA deposit cap and instead clearly defines the deposit and deductions; the DRCA regime should be assessed separately from the deposit amount.,le_3500,statutory,False
DEL-SD-033,"For a tenancy at monthly rent of ₹3,500, the agreement states that the DRCA itself limits every security deposit to two months' rent.",delhi,security_deposit,le_3500,statutory,Caution,synthetic_augmented,"The two-month residential cap belongs to the Model Tenancy Act reference framework, not a general security-deposit cap expressly found in the DRCA; the clause risks conflating regimes.",le_3500,statutory,False
DEL-SD-034,"For a tenancy at monthly rent of ₹3,500, the deposit shall be refundable after deduction of proven rent arrears and documented tenant-caused damage.",delhi,security_deposit,le_3500,statutory,Safe,synthetic_augmented,The deduction language is specific and avoids attributing a Model Tenancy Act deposit cap to the DRCA.,le_3500,statutory,False
DEL-SD-035,"For a tenancy at monthly rent of ₹3,500, the landlord may retain the deposit indefinitely until a future inspection date chosen solely by the landlord.",delhi,security_deposit,le_3500,general_law,High Risk,synthetic_augmented,"An indefinite, unilateral withholding mechanism is materially unfair and should be flagged regardless of the applicable rent-control regime.",le_3500,general_law,False
DEL-SD-036,"For a tenancy at monthly rent of ₹3,500, the landlord shall provide an itemized statement for every deduction from the deposit.",delhi,security_deposit,le_3500,statutory,Safe,synthetic_augmented,Itemization improves accountability and is consistent with a transparent deposit-settlement process.,le_3500,statutory,False
DEL-SD-037,"Security deposit shall be increased automatically whenever rent increases, without a separate written record.",delhi,security_deposit,above_3500,market_convention,Caution,synthetic_augmented,Automatic recalculation can create uncertainty if the revised deposit is not clearly documented.,above_3500,market_convention,False
DEL-SD-038,The deposit shall be converted into advance rent for the final three months unless the landlord elects otherwise.,delhi,security_deposit,above_3500,general_law,Caution,synthetic_augmented,Mixing refundable security with advance rent creates ambiguity about refund rights and settlement accounting.,above_3500,general_law,False
DEL-SD-039,Landlord may use the security deposit to cover ordinary repainting and replacement required solely by normal wear and tear.,delhi,security_deposit,above_3500,market_convention,Caution,synthetic_augmented,Charging ordinary wear and tear against the deposit is tenant-unfavorable and conflicts with the usual distinction between damage and normal use.,above_3500,market_convention,False
DEL-SD-040,No portion of the security deposit may be adjusted against rent during the tenancy unless both parties agree in writing.,delhi,security_deposit,above_3500,market_convention,Safe,synthetic_augmented,A clear written-consent rule prevents unilateral conversion of the deposit into rent.,above_3500,market_convention,False
DEL-SD-041,The deposit shall be held by the landlord without any requirement to maintain records of deductions or supporting invoices.,delhi,security_deposit,above_3500,general_law,High Risk,synthetic_augmented,Removing basic deduction records makes disputes difficult to verify and materially weakens tenant protection.,above_3500,general_law,False
DEL-SD-042,"If utility bills are pending at handover, the landlord may retain only the reasonably estimated amount and must reconcile it after the final bill.",delhi,security_deposit,above_3500,market_convention,Safe,synthetic_augmented,Temporary retention tied to an estimated liability with later reconciliation is proportionate and transparent.,above_3500,market_convention,False
DEL-SD-043,"If the tenant leaves before the lock-in expires, the entire security deposit shall automatically become the landlord's property.",delhi,security_deposit,above_3500,market_convention,High Risk,synthetic_augmented,Automatic full forfeiture combines deposit treatment with a penalty and can be disproportionate to actual loss.,above_3500,market_convention,False
DEL-SD-044,The landlord shall return the undisputed portion of the security deposit first and settle disputed deductions separately.,delhi,security_deposit,above_3500,market_convention,Safe,synthetic_augmented,Returning the undisputed amount reduces unnecessary withholding and separates genuine disputes from uncontested sums.,above_3500,market_convention,False
DEL-SD-045,"The tenant shall receive a written deposit receipt showing the amount paid, date received, and whether it is refundable.",delhi,security_deposit,above_3500,market_convention,Safe,synthetic_augmented,"Clear documentation reduces later disputes about whether a payment was security, advance rent, or another charge.",above_3500,market_convention,False
DEL-SD-046,"The deposit shall be refunded within 15 days after handover, subject to documented deductions for identified liabilities.",delhi,security_deposit,above_3500,market_convention,Safe,synthetic_augmented,A defined short refund period and documented deductions provide a predictable settlement process.,above_3500,market_convention,False
DEL-NL-022,Either party may terminate the agreement with 30 days' written notice after the initial three-month lock-in.,delhi,notice_lockin,above_3500,market_convention,Safe,synthetic_augmented,"A short, symmetric notice mechanism with a limited lock-in is predictable.",above_3500,market_convention,False
DEL-NL-023,Tenant must give 60 days' notice while landlord must give 30 days' notice for no-cause termination.,delhi,notice_lockin,above_3500,market_convention,Caution,synthetic_augmented,The asymmetric notice burden favors the landlord and reduces tenant flexibility.,above_3500,market_convention,False
DEL-NL-024,The tenant may exit during a six-month lock-in by giving 30 days' notice and paying one month's rent as an agreed early-exit charge.,delhi,notice_lockin,above_3500,market_convention,Safe,synthetic_augmented,The lock-in and exit cost are clearly defined and proportionate.,above_3500,market_convention,False
DEL-NL-025,The tenant may not terminate during an eleven-month lock-in under any circumstances.,delhi,notice_lockin,above_3500,market_convention,Caution,synthetic_augmented,An absolute lock-in removes flexibility for emergencies and relocation and should be negotiated carefully.,above_3500,market_convention,False
DEL-NL-026,The landlord may terminate immediately whenever the landlord considers the tenant's conduct inconvenient.,delhi,notice_lockin,above_3500,general_law,High Risk,synthetic_augmented,Subjective immediate termination gives the landlord unilateral power without an objective breach standard.,above_3500,general_law,False
DEL-NL-027,Tenant waives every notice right and agrees to vacate whenever the landlord sends a demand.,delhi,notice_lockin,above_3500,general_law,High Risk,synthetic_augmented,A blanket contractual waiver of legal protections and due process is highly problematic.,above_3500,general_law,False
DEL-NL-028,The lock-in period shall automatically renew for another twelve months unless the tenant gives notice six months before expiry.,delhi,notice_lockin,above_3500,market_convention,Caution,synthetic_augmented,Long automatic renewal and an unusually early notice deadline can trap a tenant unintentionally.,above_3500,market_convention,False
DEL-NL-029,Either party may terminate after the lock-in with 45 days' written notice.,delhi,notice_lockin,above_3500,market_convention,Safe,synthetic_augmented,"A symmetric, clearly stated post-lock-in notice period is commercially reasonable.",above_3500,market_convention,False
DEL-NL-030,"Early termination by the tenant will incur a fixed charge equal to one month's rent, regardless of remaining lock-in duration.",delhi,notice_lockin,above_3500,market_convention,Safe,synthetic_augmented,A fixed and disclosed early-exit charge is more predictable than an unlimited claim for future rent.,above_3500,market_convention,False
DEL-NL-031,Early termination by the tenant requires payment of every remaining month's rent through the end of the lease term.,delhi,notice_lockin,above_3500,market_convention,Caution,synthetic_augmented,A full remaining-term claim can be harsh and should be evaluated against the actual contractual structure and mitigation of loss.,above_3500,market_convention,False
DEL-NL-032,"A tenancy at monthly rent of ₹3,500 may be terminated only through the process applicable to the DRCA-covered tenancy.",delhi,notice_lockin,le_3500,statutory,Safe,synthetic_augmented,The clause correctly recognizes that the statutory regime must be checked before relying on ordinary contractual termination language.,le_3500,statutory,False
DEL-NL-033,"A tenancy at monthly rent of ₹3,500 may be ended immediately by the landlord merely because the tenant has requested repairs.",delhi,notice_lockin,le_3500,general_law,High Risk,synthetic_augmented,Using a repair request as a trigger for immediate termination is retaliatory and conflicts with basic contractual fairness.,le_3500,general_law,False
DEL-NL-034,"A tenancy at monthly rent of ₹3,500 shall provide the tenant one month to cure a specified non-payment default after written demand.",delhi,notice_lockin,le_3500,statutory,Safe,synthetic_augmented,A defined cure mechanism is more consistent with a due-process-oriented rent-control framework than immediate self-help.,le_3500,statutory,False
DEL-NL-035,"A tenancy at monthly rent of ₹3,500 shall allow the landlord to change the locks immediately after any missed payment.",delhi,notice_lockin,le_3500,general_law,High Risk,synthetic_augmented,Self-help lockout is not an appropriate substitute for the statutory eviction process.,le_3500,general_law,False
DEL-NL-036,"The lock-in shall apply equally to landlord and tenant, and either party leaving early will follow the same agreed notice mechanism.",delhi,notice_lockin,above_3500,market_convention,Safe,synthetic_augmented,Mutuality reduces one-sided termination risk.,above_3500,market_convention,False
DEL-NL-037,The landlord may terminate on seven days' notice but the tenant must give ninety days' notice.,delhi,notice_lockin,above_3500,market_convention,Caution,synthetic_augmented,The strongly asymmetric notice periods create a material imbalance.,above_3500,market_convention,False
DEL-NL-038,Notice is valid only if sent by email and acknowledged by the recipient within 24 hours.,delhi,notice_lockin,above_3500,market_convention,Caution,synthetic_augmented,Requiring affirmative acknowledgment can make otherwise valid notice ineffective through non-response.,above_3500,market_convention,False
DEL-NL-039,"Notice may be delivered by email, registered post, or another agreed written method, with the effective date recorded.",delhi,notice_lockin,above_3500,market_convention,Safe,synthetic_augmented,Multiple documented delivery methods improve certainty and reduce disputes over notice.,above_3500,market_convention,False
DEL-NL-040,A lock-in penalty shall apply even where the landlord materially breaches an agreed obligation.,delhi,notice_lockin,above_3500,general_law,High Risk,synthetic_augmented,Applying the same penalty despite a landlord breach can create an unfair one-sided risk allocation.,above_3500,general_law,False
DEL-NL-041,The tenant may terminate without penalty if the premises become materially uninhabitable and the landlord fails to remedy the condition within a reasonable cure period.,delhi,notice_lockin,above_3500,general_law,Safe,synthetic_augmented,A defined remedy for serious habitability failure provides a balanced contractual exit mechanism.,above_3500,general_law,False
DEL-NL-042,The notice period begins only after the landlord confirms receipt in writing.,delhi,notice_lockin,above_3500,market_convention,Caution,synthetic_augmented,Making notice effective only on discretionary confirmation can create avoidable uncertainty.,above_3500,market_convention,False
DEL-NL-043,A tenant who transfers employment outside Delhi may terminate with 30 days' notice and no additional lock-in penalty.,delhi,notice_lockin,above_3500,market_convention,Safe,synthetic_augmented,A defined relocation exception creates practical flexibility without making the agreement open-ended.,above_3500,market_convention,False
DEL-NL-044,The lock-in period ends automatically if both parties sign a written termination agreement.,delhi,notice_lockin,above_3500,market_convention,Safe,synthetic_augmented,Express mutual waiver of the lock-in is clear and reduces disputes.,above_3500,market_convention,False
DEL-NL-045,Notice served before the lock-in expires shall be treated as invalid even if the actual termination date falls after the lock-in.,delhi,notice_lockin,above_3500,market_convention,Caution,synthetic_augmented,Invalidating early notice can create unnecessary timing traps and prolong tenancy disputes.,above_3500,market_convention,False
DEL-NL-046,"The agreement has no lock-in, and either party may terminate with 30 days' written notice.",delhi,notice_lockin,above_3500,market_convention,Safe,synthetic_augmented,A simple no-lock-in structure with equal notice is clear and flexible.,above_3500,market_convention,False
DEL-MR-022,Landlord shall handle structural repairs and tenant shall handle routine replacement of consumable items.,delhi,maintenance,above_3500,market_convention,Safe,synthetic_augmented,The allocation distinguishes structural responsibility from ordinary consumables.,above_3500,market_convention,False
DEL-MR-023,"Tenant shall pay for minor repairs up to ₹2,000 per incident, while landlord bears larger structural repairs.",delhi,maintenance,above_3500,market_convention,Safe,synthetic_augmented,A monetary threshold creates a clear division of routine and major repair costs.,above_3500,market_convention,False
DEL-MR-024,"Tenant shall pay for every repair, including defects caused by the building's age.",delhi,maintenance,above_3500,market_convention,Caution,synthetic_augmented,The clause shifts age-related building defects to the tenant and is materially tenant-unfavorable.,above_3500,market_convention,False
DEL-MR-025,Landlord shall repair major plumbing leaks within a reasonable time after written notice.,delhi,maintenance,above_3500,market_convention,Safe,synthetic_augmented,Major plumbing defects are appropriately assigned to the landlord with a notice mechanism.,above_3500,market_convention,False
DEL-MR-026,Tenant shall be responsible for all electrical wiring failures regardless of whether they pre-date the tenancy.,delhi,maintenance,above_3500,general_law,High Risk,synthetic_augmented,Making the tenant liable for pre-existing structural or wiring defects creates an unreasonable risk transfer.,above_3500,general_law,False
DEL-MR-027,Landlord may deduct any repair amount without showing invoices if the landlord believes the repair was necessary.,delhi,maintenance,above_3500,general_law,High Risk,synthetic_augmented,Unverified unilateral deductions create a serious transparency problem.,above_3500,general_law,False
DEL-MR-028,"Tenant shall maintain appliances supplied with the premises, excluding replacement caused by ordinary age-related failure.",delhi,maintenance,above_3500,market_convention,Safe,synthetic_augmented,The clause separates tenant maintenance from normal end-of-life replacement.,above_3500,market_convention,False
DEL-MR-029,The tenant shall repaint the premises every six months at the tenant's cost regardless of condition.,delhi,maintenance,above_3500,market_convention,Caution,synthetic_augmented,Mandatory repainting at fixed intervals regardless of need is unusual and may impose unnecessary cost.,above_3500,market_convention,False
DEL-MR-030,Landlord shall be responsible for water seepage originating from building structure.,delhi,maintenance,above_3500,market_convention,Safe,synthetic_augmented,Structural seepage is appropriately assigned to the property owner.,above_3500,market_convention,False
DEL-MR-031,Tenant shall report urgent repair issues promptly and provide reasonable access for the repair.,delhi,maintenance,above_3500,market_convention,Safe,synthetic_augmented,Prompt reporting and access duties create a balanced repair workflow.,above_3500,market_convention,False
DEL-MR-032,"For premises at monthly rent of ₹3,500, landlord shall maintain the property in a condition fit for occupation, subject to the applicable statutory framework.",delhi,maintenance,le_3500,statutory,Safe,synthetic_augmented,The clause preserves the habitability concept without attributing an unsupported detailed repair schedule to the DRCA.,le_3500,statutory,False
DEL-MR-033,"For premises at monthly rent of ₹3,500, tenant shall bear structural repairs even when the defect existed before possession.",delhi,maintenance,le_3500,general_law,High Risk,synthetic_augmented,Pre-existing structural defects should not be shifted wholesale to the tenant merely by contract wording.,le_3500,general_law,False
DEL-MR-034,Landlord shall reimburse emergency repairs reasonably necessary to prevent immediate property damage when prior approval is impracticable.,delhi,maintenance,above_3500,market_convention,Safe,synthetic_augmented,The exception allows emergency action while keeping reimbursement tied to necessity.,above_3500,market_convention,False
DEL-MR-035,"Tenant shall obtain three quotations before any repair, including emergency plumbing work.",delhi,maintenance,above_3500,market_convention,Caution,synthetic_augmented,A rigid quotation requirement can delay necessary emergency repairs.,above_3500,market_convention,False
DEL-MR-036,Landlord shall respond to a written non-emergency repair request within seven days.,delhi,maintenance,above_3500,market_convention,Safe,synthetic_augmented,A response deadline improves accountability without guaranteeing an unrealistic completion time.,above_3500,market_convention,False
DEL-MR-037,Tenant shall bear society maintenance charges but landlord shall bear property tax unless expressly agreed otherwise.,delhi,maintenance,above_3500,market_convention,Safe,synthetic_augmented,The split reflects a common contractual allocation and clearly identifies the owner-side tax obligation.,above_3500,market_convention,False
DEL-MR-038,Tenant shall pay property tax directly to the municipality without receiving any corresponding rent adjustment.,delhi,maintenance,above_3500,market_convention,Caution,synthetic_augmented,Shifting owner-side tax costs without explaining the economic allocation can materially increase tenant cost.,above_3500,market_convention,False
DEL-MR-039,Landlord shall replace a failed water heater supplied with the premises when failure is not caused by tenant misuse.,delhi,maintenance,above_3500,market_convention,Safe,synthetic_augmented,The clause distinguishes equipment failure from tenant-caused damage.,above_3500,market_convention,False
DEL-MR-040,"Tenant shall pay for every appliance replacement, even where the appliance fails due to normal deterioration.",delhi,maintenance,above_3500,market_convention,Caution,synthetic_augmented,The clause makes the tenant responsible for ordinary depreciation and replacement.,above_3500,market_convention,False
DEL-MR-041,The tenant must obtain landlord approval before engaging a repair contractor except in emergencies.,delhi,maintenance,above_3500,market_convention,Safe,synthetic_augmented,Approval control is reasonable when paired with an emergency exception.,above_3500,market_convention,False
DEL-MR-042,Landlord shall have no responsibility for repairs to essential water or electrical systems.,delhi,maintenance,above_3500,general_law,High Risk,synthetic_augmented,A blanket exclusion of essential-system repairs creates serious habitability and safety concerns.,above_3500,general_law,False
DEL-MR-043,Repair deductions from the deposit shall be based on actual reasonable cost rather than a predetermined penalty.,delhi,maintenance,above_3500,market_convention,Safe,synthetic_augmented,Tying deductions to actual reasonable cost limits arbitrary penalties.,above_3500,market_convention,False
DEL-MR-044,"Tenant shall be liable for damage caused by guests, but not for ordinary wear and tear.",delhi,maintenance,above_3500,market_convention,Safe,synthetic_augmented,The clause identifies responsibility for guest-caused damage while preserving the normal-wear distinction.,above_3500,market_convention,False
DEL-MR-045,The landlord may enter the premises to inspect repairs without giving prior notice.,delhi,maintenance,above_3500,market_convention,Caution,synthetic_augmented,Unrestricted entry is a separate privacy and possession concern and should be controlled by reasonable notice.,above_3500,market_convention,False
DEL-MR-046,Tenant shall maintain cleanliness and minor consumables but shall not be responsible for latent structural defects.,delhi,maintenance,above_3500,market_convention,Safe,synthetic_augmented,The distinction between routine upkeep and latent defects is clear and balanced.,above_3500,market_convention,False
DEL-RE-022,"Rent shall increase by 5% annually after the first twelve months, with 60 days' written notice.",delhi,rent_escalation,above_3500,market_convention,Safe,synthetic_augmented,Moderate annual escalation with substantial notice is predictable and common.,above_3500,market_convention,False
DEL-RE-023,Rent shall increase by 10% annually with one month's written notice.,delhi,rent_escalation,above_3500,market_convention,Safe,synthetic_augmented,A defined annual increase and notice period are transparent and common in market agreements.,above_3500,market_convention,False
DEL-RE-024,Rent shall increase by 15% annually with 15 days' notice.,delhi,rent_escalation,above_3500,market_convention,Caution,synthetic_augmented,The increase is relatively high and the notice period is short.,above_3500,market_convention,False
DEL-RE-025,Rent may be increased by any amount whenever the landlord believes market rates have changed.,delhi,rent_escalation,above_3500,general_law,High Risk,synthetic_augmented,Unbounded unilateral escalation creates severe contractual uncertainty.,above_3500,general_law,False
DEL-RE-026,Rent shall remain fixed during the eleven-month term and may be renegotiated only on renewal.,delhi,rent_escalation,above_3500,market_convention,Safe,synthetic_augmented,The clause provides clear price certainty during the fixed term.,above_3500,market_convention,False
DEL-RE-027,Rent shall increase by 25% every six months.,delhi,rent_escalation,above_3500,market_convention,High Risk,synthetic_augmented,Frequent and very large increases are extreme market deviations and materially increase tenant exposure.,above_3500,market_convention,False
DEL-RE-028,Rent revision shall be based on a specified CPI-linked formula every two years.,delhi,rent_escalation,above_3500,market_convention,Safe,synthetic_augmented,An objective index-based formula reduces discretionary escalation risk.,above_3500,market_convention,False
DEL-RE-029,"Rent shall increase by 7% annually, but the landlord may add a further discretionary increase at any time.",delhi,rent_escalation,above_3500,market_convention,Caution,synthetic_augmented,The fixed component is clear but the additional discretionary increase creates uncertainty.,above_3500,market_convention,False
DEL-RE-030,Any rent increase must be agreed in writing by both parties before it becomes effective.,delhi,rent_escalation,above_3500,market_convention,Safe,synthetic_augmented,Written mutual agreement provides a clear record and limits surprise increases.,above_3500,market_convention,False
DEL-RE-031,The tenant shall accept any rent increase notified seven days before the next rental period.,delhi,rent_escalation,above_3500,market_convention,Caution,synthetic_augmented,Seven days provides little planning time and leaves the increase largely one-sided.,above_3500,market_convention,False
DEL-RE-032,"For rent of ₹3,500, the agreement shall apply the statutory revision framework rather than a market-style automatic escalation.",delhi,rent_escalation,le_3500,statutory,Safe,synthetic_augmented,This correctly directs the analysis toward the DRCA framework for a potentially covered tenancy.,le_3500,statutory,False
DEL-RE-033,"For rent of ₹3,500, rent shall increase by 10% every three years with the required written notice process.",delhi,rent_escalation,le_3500,statutory,Safe,synthetic_augmented,This tracks the DRCA Section 6A/8 framework reflected in the primary text and judicial discussion.,le_3500,statutory,False
DEL-RE-034,"For rent of ₹3,500, rent shall increase by 10% every year automatically.",delhi,rent_escalation,le_3500,statutory,Caution,synthetic_augmented,An annual automatic increase conflicts with the DRCA's ten-per-cent-every-three-years revision rule for covered premises.,le_3500,statutory,False
DEL-RE-035,"For rent of ₹3,500, rent shall increase by 30% every year without written notice.",delhi,rent_escalation,le_3500,statutory,High Risk,synthetic_augmented,The clause departs sharply from the DRCA revision framework in both magnitude and notice.,le_3500,statutory,False
DEL-RE-036,"For rent of ₹3,500, the landlord may increase rent whenever the local market rises, without reference to the statutory regime.",delhi,rent_escalation,le_3500,statutory,High Risk,synthetic_augmented,The clause ignores the applicable rent-control framework and grants unbounded escalation discretion.,le_3500,statutory,False
DEL-RE-037,"For rent above ₹3,500, the agreement states that the DRCA automatically caps annual rent increases at 10%.",delhi,rent_escalation,above_3500,general_law,Caution,synthetic_augmented,This incorrectly extends the DRCA rent-revision rule to premises excluded from the Act by Section 3(c).,above_3500,general_law,False
DEL-RE-038,"For rent above ₹3,500, rent shall increase by 8% annually as expressly agreed in the lease.",delhi,rent_escalation,above_3500,market_convention,Safe,synthetic_augmented,"A defined contractual escalation above the DRCA threshold is primarily a contract term, not a DRCA statutory cap issue.",above_3500,market_convention,False
DEL-RE-039,"For rent above ₹3,500, rent shall increase by 12% every two years with 90 days' notice.",delhi,rent_escalation,above_3500,market_convention,Safe,synthetic_augmented,"The clause is explicit, infrequent, and supported by substantial notice; it is a negotiable contract term.",above_3500,market_convention,False
DEL-RE-040,"For rent above ₹3,500, the landlord may revise rent only at renewal and must give the proposed amount before renewal discussions.",delhi,rent_escalation,above_3500,market_convention,Safe,synthetic_augmented,The clause preserves price certainty during the term and gives advance notice for renewal.,above_3500,market_convention,False
DEL-RE-041,"For rent above ₹3,500, rent shall increase by 20% every six months without a market benchmark.",delhi,rent_escalation,above_3500,market_convention,High Risk,synthetic_augmented,The frequency and magnitude are strong market outliers and create substantial tenant exposure.,above_3500,market_convention,False
DEL-RE-042,Rent escalation shall be suspended while the landlord is in material breach of a promised essential service.,delhi,rent_escalation,above_3500,market_convention,Caution,synthetic_augmented,The remedy may be useful but should be clearly defined to avoid disputes about what constitutes a material breach.,above_3500,market_convention,False
DEL-RE-043,The escalation percentage shall apply to base rent only and not to separately itemized utility reimbursements.,delhi,rent_escalation,above_3500,market_convention,Safe,synthetic_augmented,Separating rent from pass-through charges prevents accidental compounding of unrelated costs.,above_3500,market_convention,False
DEL-RE-044,The landlord may compound an annual rent increase onto all previous increases without stating the calculation method.,delhi,rent_escalation,above_3500,market_convention,Caution,synthetic_augmented,Ambiguous compounding language can create unexpected rent calculations.,above_3500,market_convention,False
DEL-RE-045,Rent shall increase by 5% after the first year and then remain fixed for the remaining term.,delhi,rent_escalation,above_3500,market_convention,Safe,synthetic_augmented,A single defined adjustment is easy to understand and budget for.,above_3500,market_convention,False
DEL-RE-046,"Any rent revision must identify the effective date, revised amount, and calculation basis in the written notice.",delhi,rent_escalation,above_3500,market_convention,Safe,synthetic_augmented,The clause improves transparency and reduces disputes over how the revised rent was calculated.,above_3500,market_convention,False
DEL-TE-022,Landlord may terminate the tenancy for a material breach after giving written notice describing the breach and a reasonable opportunity to cure.,delhi,termination_eviction,above_3500,general_law,Safe,synthetic_augmented,A defined breach-and-cure mechanism is more balanced than immediate self-help termination.,above_3500,general_law,False
DEL-TE-023,Landlord may remove the tenant's belongings immediately after seven days of rent delay.,delhi,termination_eviction,above_3500,general_law,High Risk,synthetic_augmented,Forcible removal of belongings is self-help eviction and should not be used as a contractual shortcut.,above_3500,general_law,False
DEL-TE-024,Landlord may disconnect electricity to compel the tenant to vacate after a payment dispute.,delhi,termination_eviction,above_3500,general_law,High Risk,synthetic_augmented,Utility disconnection as pressure for eviction is an abusive self-help measure.,above_3500,general_law,False
DEL-TE-025,"Tenant agrees to vacate immediately whenever the landlord claims a breach, without court or other lawful process.",delhi,termination_eviction,above_3500,general_law,High Risk,synthetic_augmented,A contractual waiver of lawful eviction process is highly problematic.,above_3500,general_law,False
DEL-TE-026,Either party may terminate for convenience with 30 days' written notice.,delhi,termination_eviction,above_3500,market_convention,Safe,synthetic_augmented,Symmetric no-cause termination is clear when the tenancy is outside statutory rent control.,above_3500,market_convention,False
DEL-TE-027,Landlord may terminate without cause on seven days' notice while tenant must give 60 days.,delhi,termination_eviction,above_3500,market_convention,Caution,synthetic_augmented,The imbalance materially favors the landlord.,above_3500,market_convention,False
DEL-TE-028,"Tenant remains liable for rent after termination only until the agreed termination date, subject to other accrued liabilities.",delhi,termination_eviction,above_3500,market_convention,Safe,synthetic_augmented,The clause avoids an automatic claim for unearned future rent while preserving accrued obligations.,above_3500,market_convention,False
DEL-TE-029,Tenant shall pay all remaining rent through the fixed term even if the landlord re-lets the property immediately.,delhi,termination_eviction,above_3500,market_convention,Caution,synthetic_augmented,The clause may create double-recovery concerns and should be evaluated against actual loss and mitigation.,above_3500,market_convention,False
DEL-TE-030,"The agreement ends automatically upon any complaint by a neighbor, without investigation.",delhi,termination_eviction,above_3500,general_law,High Risk,synthetic_augmented,Automatic termination based on an unverified complaint is arbitrary and lacks a fair breach process.,above_3500,general_law,False
DEL-TE-031,Eviction shall be carried out through the legally applicable forum and process rather than by changing locks.,delhi,termination_eviction,above_3500,general_law,Safe,synthetic_augmented,The clause expressly rejects self-help eviction and preserves lawful process.,above_3500,general_law,False
DEL-TE-032,"For rent of ₹3,500, eviction shall be assessed against the grounds and process applicable under Section 14 of the DRCA.",delhi,termination_eviction,le_3500,statutory,Safe,synthetic_augmented,The clause correctly directs analysis to the DRCA's statutory eviction framework for covered premises.,le_3500,statutory,False
DEL-TE-033,"For rent of ₹3,500, landlord may evict immediately for any disagreement about repairs.",delhi,termination_eviction,le_3500,statutory,High Risk,synthetic_augmented,A generic disagreement is not a substitute for the statutory grounds and process governing covered tenancies.,le_3500,statutory,False
DEL-TE-034,"For rent of ₹3,500, landlord may change the locks after a missed payment without approaching the Rent Controller.",delhi,termination_eviction,le_3500,statutory,High Risk,synthetic_augmented,The clause substitutes self-help for the statutory eviction process.,le_3500,statutory,False
DEL-TE-035,"For rent of ₹3,500, the tenant shall have no opportunity to contest an eviction claim.",delhi,termination_eviction,le_3500,statutory,High Risk,synthetic_augmented,Removing the tenant's ability to contest a statutory proceeding is inconsistent with due process.,le_3500,statutory,False
DEL-TE-036,"For rent of ₹3,500, arrears shall be documented and handled through the payment and eviction mechanisms applicable under the DRCA.",delhi,termination_eviction,le_3500,statutory,Safe,synthetic_augmented,The clause avoids inventing a private eviction shortcut and recognizes the statutory framework.,le_3500,statutory,False
DEL-TE-037,Landlord may take possession of the property immediately after sending a termination email.,delhi,termination_eviction,above_3500,general_law,High Risk,synthetic_augmented,A termination notice does not by itself justify forcible physical recovery of possession.,above_3500,general_law,False
DEL-TE-038,The tenant shall return keys on the agreed termination date and landlord shall acknowledge receipt in writing.,delhi,termination_eviction,above_3500,market_convention,Safe,synthetic_augmented,Documented handover reduces disputes about possession and termination.,above_3500,market_convention,False
DEL-TE-039,"If either party materially breaches the agreement, the non-breaching party may seek contractual remedies available under applicable law.",delhi,termination_eviction,above_3500,general_law,Safe,synthetic_augmented,The clause preserves lawful remedies without authorizing self-help.,above_3500,general_law,False
DEL-TE-040,Landlord may seize tenant property left behind without providing a collection or notice period.,delhi,termination_eviction,above_3500,general_law,High Risk,synthetic_augmented,Unregulated seizure of belongings creates significant legal and practical risk.,above_3500,general_law,False
DEL-TE-041,"Termination is effective only after outstanding possession, rent, and documented utility obligations are reconciled.",delhi,termination_eviction,above_3500,market_convention,Caution,synthetic_augmented,Linking legal termination to complete reconciliation may create disputes if one side delays settlement.,above_3500,market_convention,False
DEL-TE-042,A termination notice must identify the effective date and the contractual basis for termination.,delhi,termination_eviction,above_3500,market_convention,Safe,synthetic_augmented,Specific notice content improves certainty and reduces factual disputes.,above_3500,market_convention,False
DEL-TE-043,The landlord may terminate for repeated nuisance after two written warnings describing the conduct.,delhi,termination_eviction,above_3500,market_convention,Safe,synthetic_augmented,Objective warnings and a defined escalation process are more balanced than immediate termination.,above_3500,market_convention,False
DEL-TE-044,"The landlord may terminate whenever the tenant receives a police complaint, regardless of whether wrongdoing is established.",delhi,termination_eviction,above_3500,general_law,High Risk,synthetic_augmented,A mere complaint is not proof of breach and should not automatically trigger forfeiture of tenancy.,above_3500,general_law,False
DEL-TE-045,The tenant may terminate if the landlord repeatedly prevents access to essential services promised under the agreement.,delhi,termination_eviction,above_3500,general_law,Safe,synthetic_augmented,A defined tenant remedy for material landlord interference creates contractual balance.,above_3500,general_law,False
DEL-TE-046,"On expiry, the parties shall record the date of vacant possession, meter readings, key return, and outstanding amounts.",delhi,termination_eviction,above_3500,market_convention,Safe,synthetic_augmented,A documented exit record is useful for resolving deposit and possession disputes.,above_3500,market_convention,False
DEL-RP-001,Rent is payable by the fifth day of each calendar month by bank transfer to the account identified in the agreement.,delhi,rent_payment,above_3500,market_convention,Safe,synthetic_augmented,The due date and payment channel are specific and verifiable.,above_3500,market_convention,False
DEL-RP-002,Rent shall be paid in cash without a receipt unless the landlord chooses to issue one.,delhi,rent_payment,above_3500,general_law,Caution,synthetic_augmented,Lack of a mandatory receipt creates avoidable proof and accounting disputes.,above_3500,general_law,False
DEL-RP-003,Electronic payment acknowledgment shall serve as evidence of rent payment.,delhi,rent_payment,above_3500,market_convention,Safe,synthetic_augmented,Electronic records provide a reliable payment trail.,above_3500,market_convention,False
DEL-RP-004,Late rent shall attract a fixed late fee of ₹500 after a five-day grace period.,delhi,rent_payment,above_3500,market_convention,Safe,synthetic_augmented,"A disclosed, modest late fee with a grace period is clearer than an uncapped penalty.",above_3500,market_convention,False
DEL-RP-005,Late rent shall attract a penalty of 10% of monthly rent for every day of delay.,delhi,rent_payment,above_3500,general_law,High Risk,synthetic_augmented,A daily 10% penalty is disproportionate and can rapidly create an excessive liability.,above_3500,general_law,False
DEL-RP-006,Landlord may refuse to issue a rent receipt if payment is made after the due date.,delhi,rent_payment,above_3500,general_law,High Risk,synthetic_augmented,Payment records should not be withheld merely because payment was late.,above_3500,general_law,False
DEL-RP-007,"If the landlord refuses rent, the tenant shall preserve evidence of the tender and use any legally available deposit or dispute mechanism.",delhi,rent_payment,le_3500,statutory,Safe,synthetic_augmented,This reflects the DRCA's statutory mechanisms for rent tender and deposit without inventing a private remedy.,le_3500,statutory,False
DEL-RP-008,"For rent of ₹3,500, the tenant shall pay rent by the fifteenth day of the following month when no different contractual date applies.",delhi,rent_payment,le_3500,statutory,Safe,synthetic_augmented,This tracks the DRCA payment rule where no contractual payment time is specified.,le_3500,statutory,False
DEL-RP-009,"For rent of ₹3,500, landlord may declare eviction automatically one day after rent is late.",delhi,rent_payment,le_3500,statutory,High Risk,synthetic_augmented,Automatic eviction bypasses the statutory framework for arrears and eviction.,le_3500,statutory,False
DEL-RP-010,"For rent of ₹3,500, landlord shall provide a written receipt for rent received.",delhi,rent_payment,le_3500,statutory,Safe,synthetic_augmented,Receipt entitlement is expressly addressed by the DRCA.,le_3500,statutory,False
DEL-RP-011,"Tenant shall pay rent to a property manager, and payment to that manager shall be treated as payment to the landlord.",delhi,rent_payment,above_3500,market_convention,Safe,synthetic_augmented,The clause clarifies the authorized payment recipient and reduces payment disputes.,above_3500,market_convention,False
DEL-RP-012,Rent may be withheld whenever the tenant has a non-rent complaint against the landlord.,delhi,rent_payment,above_3500,general_law,Caution,synthetic_augmented,Unilateral rent withholding can create default disputes; separate remedies should be defined instead.,above_3500,general_law,False
DEL-RP-013,Rent shall be paid only after the landlord completes all requested repairs.,delhi,rent_payment,above_3500,general_law,Caution,synthetic_augmented,Making rent entirely contingent on repair completion can create a separate payment default dispute.,above_3500,general_law,False
DEL-RP-014,A failed bank transfer shall be treated as unpaid unless the tenant provides proof that the amount was successfully credited.,delhi,rent_payment,above_3500,market_convention,Safe,synthetic_augmented,The clause establishes a clear payment-verification rule.,above_3500,market_convention,False
DEL-RP-015,Landlord shall notify the tenant of a changed bank account at least seven days before the next due date.,delhi,rent_payment,above_3500,market_convention,Safe,synthetic_augmented,Advance notice reduces fraud and accidental non-payment risk.,above_3500,market_convention,False
DEL-RP-016,Tenant shall not be charged a convenience fee for paying rent by the agreed electronic method.,delhi,rent_payment,above_3500,market_convention,Safe,synthetic_augmented,The clause avoids an unexplained payment surcharge.,above_3500,market_convention,False
DEL-RP-017,Landlord may demand six months' rent in advance at any time during the tenancy without written agreement.,delhi,rent_payment,above_3500,market_convention,Caution,synthetic_augmented,A unilateral demand for a large advance changes the agreed payment structure and should be negotiated.,above_3500,market_convention,False
DEL-RP-018,"The parties shall distinguish rent, security deposit, utility reimbursement, and maintenance charges in every payment record.",delhi,rent_payment,above_3500,market_convention,Safe,synthetic_augmented,Separating payment categories improves accounting and dispute resolution.,above_3500,market_convention,False
DEL-RP-019,"A payment received shall first be applied to the oldest undisputed rent, then to agreed charges.",delhi,rent_payment,above_3500,market_convention,Safe,synthetic_augmented,A stated allocation order reduces disputes about how partial payments are credited.,above_3500,market_convention,False
DEL-RP-020,"Tenant shall provide post-dated cheques for the full lease term, with no alternative payment method.",delhi,rent_payment,above_3500,market_convention,Caution,synthetic_augmented,A rigid long-term cheque requirement can create practical and financial risk for the tenant.,above_3500,market_convention,False
DEL-RP-021,Landlord may encash all post-dated cheques immediately after any minor breach.,delhi,rent_payment,above_3500,general_law,High Risk,synthetic_augmented,Using future rent instruments as an automatic penalty for unrelated minor breaches is excessive.,above_3500,general_law,False
DEL-RP-022,Rent shall be considered paid when the transfer is initiated rather than when funds are credited.,delhi,rent_payment,above_3500,market_convention,Caution,synthetic_augmented,The rule can create ambiguity where a transfer fails or is delayed by the banking system.,above_3500,market_convention,False
DEL-RP-023,"If rent is disputed, the undisputed portion shall remain payable while the disputed amount is handled separately.",delhi,rent_payment,above_3500,general_law,Safe,synthetic_augmented,Separating undisputed rent from disputed amounts is a balanced contractual approach.,above_3500,general_law,False
DEL-RP-024,The landlord shall issue an annual statement summarizing rent received and outstanding amounts.,delhi,rent_payment,above_3500,market_convention,Safe,synthetic_augmented,Periodic statements improve recordkeeping and reduce later reconciliation disputes.,above_3500,market_convention,False
DEL-RP-025,"Rent shall be paid to the landlord's designated account, and any account change must be confirmed in writing.",delhi,rent_payment,above_3500,market_convention,Safe,synthetic_augmented,Written confirmation of payment-account changes reduces fraud and mistaken payments.,above_3500,market_convention,False
DEL-EN-001,"Landlord may enter the premises for inspection after giving at least 24 hours' written notice, except in emergencies.",delhi,landlord_entry_privacy,above_3500,market_convention,Safe,synthetic_augmented,Advance notice with an emergency exception balances inspection rights and tenant privacy.,above_3500,market_convention,False
DEL-EN-002,Landlord may enter the premises at any time without notice.,delhi,landlord_entry_privacy,above_3500,general_law,High Risk,synthetic_augmented,Unrestricted entry materially interferes with the tenant's peaceful possession and privacy.,above_3500,general_law,False
DEL-EN-003,Landlord may conduct one routine inspection every six months with reasonable prior notice.,delhi,landlord_entry_privacy,above_3500,market_convention,Safe,synthetic_augmented,Periodic inspections with notice are commercially reasonable.,above_3500,market_convention,False
DEL-EN-004,Landlord may bring prospective purchasers into the premises every day during the final month without coordinating with the tenant.,delhi,landlord_entry_privacy,above_3500,market_convention,Caution,synthetic_augmented,Frequent uncoordinated access can materially interfere with possession.,above_3500,market_convention,False
DEL-EN-005,Tenant must permit emergency access where delay could cause serious injury or property damage.,delhi,landlord_entry_privacy,above_3500,general_law,Safe,synthetic_augmented,An emergency-access exception is reasonable and narrowly defined.,above_3500,general_law,False
DEL-EN-006,Landlord may retain a duplicate key and use it whenever the tenant is away.,delhi,landlord_entry_privacy,above_3500,general_law,High Risk,synthetic_augmented,Unrestricted use of retained keys undermines tenant control over possession.,above_3500,general_law,False
DEL-EN-007,Inspection requests must identify the purpose and proposed time of entry.,delhi,landlord_entry_privacy,above_3500,market_convention,Safe,synthetic_augmented,Clear notice content improves predictability.,above_3500,market_convention,False
DEL-EN-008,Landlord may enter for photography without consent to advertise the property for sale.,delhi,landlord_entry_privacy,above_3500,market_convention,Caution,synthetic_augmented,Marketing access and photography can raise privacy concerns and should be coordinated.,above_3500,market_convention,False
DEL-EN-009,Tenant shall not unreasonably refuse access for necessary repairs after reasonable notice.,delhi,landlord_entry_privacy,above_3500,market_convention,Safe,synthetic_augmented,The clause balances tenant possession with legitimate repair access.,above_3500,market_convention,False
DEL-EN-010,Landlord may enter with police assistance whenever the tenant does not answer the door.,delhi,landlord_entry_privacy,above_3500,general_law,High Risk,synthetic_augmented,Non-response is not itself a lawful basis for coercive entry.,above_3500,general_law,False
DEL-EN-011,"For rent of ₹3,500, landlord entry shall remain subject to the tenant's possession rights and the applicable statutory framework.",delhi,landlord_entry_privacy,le_3500,statutory,Safe,synthetic_augmented,The clause avoids inventing a special DRCA entry rule while preserving the need for lawful access.,le_3500,statutory,False
DEL-EN-012,"For rent of ₹3,500, landlord may enter every morning without notice to check the property.",delhi,landlord_entry_privacy,le_3500,general_law,High Risk,synthetic_augmented,Routine unannounced entry materially interferes with possession and is not justified merely by the rent bracket.,le_3500,general_law,False
DEL-EN-013,"Landlord shall give reasonable notice before non-emergency access, with shorter notice only where urgent action is genuinely required.",delhi,landlord_entry_privacy,above_3500,market_convention,Safe,synthetic_augmented,The distinction between routine and urgent access is practical and balanced.,above_3500,market_convention,False
DEL-EN-014,Tenant may request that routine inspections occur during agreed daytime hours.,delhi,landlord_entry_privacy,above_3500,market_convention,Safe,synthetic_augmented,Scheduling inspections reduces disruption without eliminating landlord access.,above_3500,market_convention,False
DEL-EN-015,Landlord may install cameras inside the leased bedroom and living area for security monitoring.,delhi,landlord_entry_privacy,above_3500,general_law,High Risk,synthetic_augmented,Indoor surveillance of a tenant's private living space creates a severe privacy concern.,above_3500,general_law,False
DEL-EN-016,Landlord may inspect common areas without entering the tenant's private rooms.,delhi,landlord_entry_privacy,above_3500,market_convention,Safe,synthetic_augmented,The clause distinguishes legitimate property oversight from unnecessary intrusion.,above_3500,market_convention,False
DEL-EN-017,A repair contractor may enter only after the landlord or tenant has confirmed the appointment.,delhi,landlord_entry_privacy,above_3500,market_convention,Safe,synthetic_augmented,Confirmation improves security and accountability.,above_3500,market_convention,False
DEL-EN-018,"If an emergency requires entry while the tenant is absent, landlord shall document the reason and notify the tenant afterward.",delhi,landlord_entry_privacy,above_3500,market_convention,Safe,synthetic_augmented,Post-entry documentation creates accountability for emergency access.,above_3500,market_convention,False
DEL-EN-019,Landlord may use the tenant's keys to show the property to prospective tenants without notice.,delhi,landlord_entry_privacy,above_3500,market_convention,High Risk,synthetic_augmented,Unannounced showings interfere with possession and create a security concern.,above_3500,market_convention,False
DEL-EN-020,Tenant shall keep access pathways clear so that authorized maintenance can be performed.,delhi,landlord_entry_privacy,above_3500,market_convention,Safe,synthetic_augmented,The clause imposes a practical cooperation duty tied to legitimate maintenance.,above_3500,market_convention,False
DEL-EN-021,Landlord shall not enter solely to verify whether the tenant has guests unless there is a specific contractual or legal basis.,delhi,landlord_entry_privacy,above_3500,general_law,Safe,synthetic_augmented,The clause limits intrusive monitoring and protects ordinary residential use.,above_3500,general_law,False
DEL-EN-022,The parties shall maintain a written record of repeated access disputes before escalating the matter.,delhi,landlord_entry_privacy,above_3500,market_convention,Safe,synthetic_augmented,Documentation helps resolve recurring access disagreements.,above_3500,market_convention,False
DEL-EN-023,Landlord may inspect utility meters after giving reasonable notice.,delhi,landlord_entry_privacy,above_3500,market_convention,Safe,synthetic_augmented,Meter inspection is a legitimate purpose when conducted with reasonable notice.,above_3500,market_convention,False
DEL-EN-024,Tenant shall provide access for mandatory building or safety inspections when legally required.,delhi,landlord_entry_privacy,above_3500,general_law,Safe,synthetic_augmented,The clause recognizes legitimate third-party or statutory inspection requirements.,above_3500,general_law,False
DEL-EN-025,"Landlord may enter whenever a rent payment is late, even if no inspection or repair is required.",delhi,landlord_entry_privacy,above_3500,general_law,High Risk,synthetic_augmented,Payment default does not justify unrestricted physical access to the premises.,above_3500,general_law,False
DEL-UT-001,Tenant shall pay electricity charges based on the actual meter reading shown on the utility bill.,delhi,utilities_outgoings,above_3500,market_convention,Safe,synthetic_augmented,Charging actual metered consumption is transparent.,above_3500,market_convention,False
DEL-UT-002,Tenant shall pay a fixed electricity surcharge regardless of actual consumption.,delhi,utilities_outgoings,above_3500,market_convention,Caution,synthetic_augmented,A fixed surcharge can overcharge the tenant unless the calculation and purpose are clear.,above_3500,market_convention,False
DEL-UT-003,Landlord shall not disconnect essential utilities as a means of enforcing rent payment.,delhi,utilities_outgoings,above_3500,general_law,Safe,synthetic_augmented,The clause expressly prevents coercive self-help.,above_3500,general_law,False
DEL-UT-004,Tenant shall pay society maintenance charges directly to the society where the society permits direct payment.,delhi,utilities_outgoings,above_3500,market_convention,Safe,synthetic_augmented,Direct payment can improve transparency when the society permits it.,above_3500,market_convention,False
DEL-UT-005,Landlord may add any utility charge at any time without providing the underlying bill.,delhi,utilities_outgoings,above_3500,general_law,High Risk,synthetic_augmented,Unverified pass-through charges create an opaque payment obligation.,above_3500,general_law,False
DEL-UT-006,Water charges shall be allocated according to the society's documented billing method.,delhi,utilities_outgoings,above_3500,market_convention,Safe,synthetic_augmented,A documented allocation method reduces arbitrary charging.,above_3500,market_convention,False
DEL-UT-007,Property tax shall be treated as a landlord-side ownership expense unless the parties expressly allocate it otherwise in writing.,delhi,utilities_outgoings,above_3500,market_convention,Safe,synthetic_augmented,The clause clearly separates ownership costs from tenant consumption.,above_3500,market_convention,False
DEL-UT-008,Tenant shall reimburse property tax without any cap or supporting statement.,delhi,utilities_outgoings,above_3500,market_convention,Caution,synthetic_augmented,Unbounded reimbursement creates uncertainty and may shift substantial ownership costs.,above_3500,market_convention,False
DEL-UT-009,"If a utility bill covers periods before and after handover, the parties shall prorate the amount by the relevant occupancy dates.",delhi,utilities_outgoings,above_3500,market_convention,Safe,synthetic_augmented,Proration is a fair method for mixed-period bills.,above_3500,market_convention,False
DEL-UT-010,"Landlord may retain the entire security deposit for any unpaid utility bill, regardless of the amount owed.",delhi,utilities_outgoings,above_3500,general_law,High Risk,synthetic_augmented,The remedy is disproportionate to the stated liability.,above_3500,general_law,False
DEL-UT-011,Tenant shall not be charged for utility arrears attributable to periods before possession.,delhi,utilities_outgoings,above_3500,market_convention,Safe,synthetic_augmented,The clause correctly allocates charges by occupancy period.,above_3500,market_convention,False
DEL-UT-012,Tenant shall provide meter readings at move-in and move-out and retain photographs where practical.,delhi,utilities_outgoings,above_3500,market_convention,Safe,synthetic_augmented,Evidence at handover reduces later billing disputes.,above_3500,market_convention,False
DEL-UT-013,"Landlord may charge a utility administration fee of ₹1,500 per month without disclosing the underlying cost.",delhi,utilities_outgoings,above_3500,market_convention,Caution,synthetic_augmented,An unexplained recurring administration fee may conceal additional rent or markup.,above_3500,market_convention,False
DEL-UT-014,Electricity shall be billed at the utility provider's applicable tariff without additional markup.,delhi,utilities_outgoings,above_3500,market_convention,Safe,synthetic_augmented,Passing through the actual tariff is transparent.,above_3500,market_convention,False
DEL-UT-015,Landlord may disconnect water for a payment dispute without first obtaining lawful authority.,delhi,utilities_outgoings,above_3500,general_law,High Risk,synthetic_augmented,Essential-service disconnection as leverage is an abusive enforcement mechanism.,above_3500,general_law,False
DEL-UT-016,Tenant shall pay internet and optional services only when separately subscribed to by the tenant.,delhi,utilities_outgoings,above_3500,market_convention,Safe,synthetic_augmented,The clause prevents automatic charging for optional services.,above_3500,market_convention,False
DEL-UT-017,Common-area electricity charges shall be allocated according to the society's published billing statement.,delhi,utilities_outgoings,above_3500,market_convention,Safe,synthetic_augmented,Using the society's documented statement creates an objective basis.,above_3500,market_convention,False
DEL-UT-018,Tenant shall bear all municipal penalties relating to the property even if caused by the owner's prior non-compliance.,delhi,utilities_outgoings,above_3500,general_law,High Risk,synthetic_augmented,The clause transfers owner-caused historical liabilities to the tenant.,above_3500,general_law,False
DEL-UT-019,Tenant shall pay charges arising from the tenant's own excessive or negligent utility use.,delhi,utilities_outgoings,above_3500,market_convention,Safe,synthetic_augmented,The liability is tied to tenant-caused consumption rather than general ownership costs.,above_3500,market_convention,False
DEL-UT-020,Any disputed utility charge shall be supported by the underlying bill before deduction from the deposit.,delhi,utilities_outgoings,above_3500,market_convention,Safe,synthetic_augmented,Document support improves the legitimacy of deductions.,above_3500,market_convention,False
DEL-UT-021,"For rent of ₹3,500, rent-control applicability does not by itself determine how privately contracted utility charges are allocated.",delhi,utilities_outgoings,le_3500,general_law,Safe,synthetic_augmented,The clause prevents the model from treating every utility allocation issue as a DRCA rule.,le_3500,general_law,False
DEL-UT-022,"For rent of ₹3,500, landlord may disconnect electricity immediately if rent is late.",delhi,utilities_outgoings,le_3500,general_law,High Risk,synthetic_augmented,The rent bracket does not justify self-help utility disconnection.,le_3500,general_law,False
DEL-UT-023,Tenant shall pay gas charges directly to the provider where an individual connection exists.,delhi,utilities_outgoings,above_3500,market_convention,Safe,synthetic_augmented,Direct provider payment creates a clear audit trail.,above_3500,market_convention,False
DEL-UT-024,Landlord shall provide copies of recurring utility bills on reasonable request.,delhi,utilities_outgoings,above_3500,market_convention,Safe,synthetic_augmented,Bill access supports transparent pass-through charging.,above_3500,market_convention,False
DEL-UT-025,No utility reimbursement shall be charged twice under both a fixed monthly fee and a separate meter calculation.,delhi,utilities_outgoings,above_3500,market_convention,Safe,synthetic_augmented,The clause prevents double recovery for the same consumption.,above_3500,market_convention,False
DEL-SU-001,Tenant shall use the premises solely for residential purposes and shall not conduct a commercial activity without written consent.,delhi,subletting,above_3500,market_convention,Safe,synthetic_augmented,The permitted-use boundary is clear.,above_3500,market_convention,False
DEL-SU-002,Tenant may sublet the premises to any third party without informing the landlord.,delhi,subletting,above_3500,market_convention,Caution,synthetic_augmented,Unrestricted subletting changes possession and counterparty risk.,above_3500,market_convention,False
DEL-SU-003,Tenant shall not assign the agreement without the landlord's prior written consent.,delhi,subletting,above_3500,market_convention,Safe,synthetic_augmented,A consent requirement is common and clearly stated.,above_3500,market_convention,False
DEL-SU-004,Tenant may host ordinary guests without treating them as sub-tenants.,delhi,subletting,above_3500,market_convention,Safe,synthetic_augmented,The clause distinguishes normal guest use from a transfer of possession.,above_3500,market_convention,False
DEL-SU-005,Any guest staying more than seven days automatically becomes a prohibited sub-tenant.,delhi,subletting,above_3500,market_convention,Caution,synthetic_augmented,A rigid duration test can misclassify ordinary family or guest arrangements.,above_3500,market_convention,False
DEL-SU-006,Tenant shall not use the premises for an unlawful purpose.,delhi,subletting,above_3500,general_law,Safe,synthetic_augmented,The clause reinforces a basic lawful-use requirement.,above_3500,general_law,False
DEL-SU-007,"Tenant may operate a home office that does not create customer traffic, nuisance, or material property impact.",delhi,subletting,above_3500,market_convention,Safe,synthetic_augmented,A narrowly defined home-office allowance accommodates ordinary modern use.,above_3500,market_convention,False
DEL-SU-008,"Tenant shall not keep pets under any circumstances, including medically necessary assistance animals.",delhi,subletting,above_3500,market_convention,Caution,synthetic_augmented,A blanket prohibition can create fairness and accommodation concerns and should be drafted carefully.,above_3500,market_convention,False
DEL-SU-009,Tenant may not change the internal layout or make structural alterations without written approval.,delhi,subletting,above_3500,market_convention,Safe,synthetic_augmented,Structural changes warrant owner approval.,above_3500,market_convention,False
DEL-SU-010,Tenant may paint interior walls only with prior written consent.,delhi,subletting,above_3500,market_convention,Safe,synthetic_augmented,The clause protects the property's condition while allowing negotiated changes.,above_3500,market_convention,False
DEL-SU-011,"For rent of ₹3,500, subletting restrictions shall be read consistently with the statutory framework applicable to covered premises.",delhi,subletting,le_3500,statutory,Safe,synthetic_augmented,The clause directs analysis to the DRCA rather than treating a private prohibition as the entire legal answer.,le_3500,statutory,False
DEL-SU-012,"For rent of ₹3,500, tenant may be evicted immediately merely because a family member moves into the premises.",delhi,subletting,le_3500,statutory,High Risk,synthetic_augmented,Family occupancy alone should not be treated as an automatic private eviction trigger without considering the applicable legal framework.,le_3500,statutory,False
DEL-SU-013,Tenant shall not transfer possession to another person without written consent and documentation of the new occupant.,delhi,subletting,above_3500,market_convention,Safe,synthetic_augmented,The clause provides a transparent process for changes in occupancy.,above_3500,market_convention,False
DEL-SU-014,Tenant shall notify landlord of any adult occupant who will reside at the premises for more than 30 days.,delhi,subletting,above_3500,market_convention,Safe,synthetic_augmented,A long-term occupancy notification rule is clearer than treating every guest as a sub-tenant.,above_3500,market_convention,False
DEL-SU-015,Landlord may enter and inspect whenever the tenant has guests.,delhi,subletting,above_3500,general_law,High Risk,synthetic_augmented,Guest presence does not justify unrestricted entry.,above_3500,general_law,False
DEL-SU-016,Tenant may not use the premises for short-term accommodation or paid lodging without written consent.,delhi,subletting,above_3500,market_convention,Safe,synthetic_augmented,The clause addresses a specific commercial-use risk without banning ordinary guests.,above_3500,market_convention,False
DEL-SU-017,"Tenant shall comply with applicable society rules communicated in writing, provided they do not contradict the agreement or law.",delhi,subletting,above_3500,market_convention,Safe,synthetic_augmented,The qualification prevents hidden or conflicting rules from automatically overriding the agreement.,above_3500,market_convention,False
DEL-SU-018,Landlord may terminate immediately if the tenant has a guest who stays overnight.,delhi,subletting,above_3500,market_convention,High Risk,synthetic_augmented,Automatic termination for an ordinary overnight guest is disproportionate.,above_3500,market_convention,False
DEL-SU-019,Tenant shall not store hazardous materials prohibited by law or building rules.,delhi,subletting,above_3500,general_law,Safe,synthetic_augmented,The restriction is tied to objective safety and legal requirements.,above_3500,general_law,False
DEL-SU-020,Tenant may keep bicycles and ordinary personal belongings in designated common areas subject to society rules.,delhi,subletting,above_3500,market_convention,Safe,synthetic_augmented,The clause creates a defined use right subject to objective building rules.,above_3500,market_convention,False
DEL-SU-021,Assignment consent shall not be unreasonably withheld where the proposed replacement tenant satisfies agreed eligibility criteria.,delhi,subletting,above_3500,market_convention,Safe,synthetic_augmented,The clause limits arbitrary refusal while preserving landlord screening.,above_3500,market_convention,False
DEL-SU-022,Tenant shall not transfer possession through an informal roommate arrangement without updating the agreement.,delhi,subletting,above_3500,market_convention,Caution,synthetic_augmented,The requirement is reasonable but should distinguish ordinary co-occupancy from a transfer of possession.,above_3500,market_convention,False
DEL-SU-023,Commercial activity causing customer footfall or material nuisance requires prior written consent.,delhi,subletting,above_3500,market_convention,Safe,synthetic_augmented,The clause focuses on measurable property impact rather than banning all home work.,above_3500,market_convention,False
DEL-SU-024,Tenant shall not remove landlord-owned fixtures or appliances from the premises.,delhi,subletting,above_3500,market_convention,Safe,synthetic_augmented,The clause protects owner property.,above_3500,market_convention,False
DEL-SU-025,"The permitted occupants shall be listed in an annexure, with reasonable updates allowed for family changes.",delhi,subletting,above_3500,market_convention,Safe,synthetic_augmented,A documented occupant list can improve clarity while allowing normal life changes.,above_3500,market_convention,False
DEL-DR-001,The parties shall sign the tenancy agreement in writing and each retain a signed copy.,delhi,documentation,above_3500,market_convention,Safe,synthetic_augmented,A written signed agreement provides strong evidence of the agreed terms.,above_3500,market_convention,False
DEL-DR-002,The tenant shall receive no copy of the executed agreement until the lease expires.,delhi,documentation,above_3500,general_law,High Risk,synthetic_augmented,Withholding the tenant's copy materially weakens proof of contractual rights.,above_3500,general_law,False
DEL-DR-003,"Any amendment to rent, deposit, or termination terms must be recorded in writing and signed by both parties.",delhi,documentation,above_3500,market_convention,Safe,synthetic_augmented,Written amendments reduce disputes over informal changes.,above_3500,market_convention,False
DEL-DR-004,The landlord may modify any term by sending a unilateral email without tenant acceptance.,delhi,documentation,above_3500,general_law,High Risk,synthetic_augmented,Unilateral modification of material contractual terms undermines mutual consent.,above_3500,general_law,False
DEL-DR-005,"The agreement shall identify the premises, rent, deposit, term, notice rules, and payment method.",delhi,documentation,above_3500,market_convention,Safe,synthetic_augmented,Core commercial terms should be identifiable in the agreement.,above_3500,market_convention,False
DEL-DR-006,The tenant shall sign blank annexures that the landlord may complete later.,delhi,documentation,above_3500,general_law,High Risk,synthetic_augmented,Blank signed documents create a serious alteration and fraud risk.,above_3500,general_law,False
DEL-DR-007,A move-in inventory shall be attached and signed by both parties.,delhi,documentation,above_3500,market_convention,Safe,synthetic_augmented,An inventory is useful evidence for condition and deposit disputes.,above_3500,market_convention,False
DEL-DR-008,The landlord may alter the inventory after possession without tenant acknowledgment.,delhi,documentation,above_3500,general_law,High Risk,synthetic_augmented,Unilateral post-handover alteration of evidence undermines reliability.,above_3500,general_law,False
DEL-DR-009,"For rent of ₹3,500, the agreement shall identify the rent and term while recognizing that DRCA applicability depends on the statutory conditions.",delhi,documentation,le_3500,statutory,Safe,synthetic_augmented,The clause separates contractual documentation from the question of statutory applicability.,le_3500,statutory,False
DEL-DR-010,"For rent of ₹3,500, the agreement states that the Model Tenancy Act automatically governs the tenancy in Delhi.",delhi,documentation,le_3500,statutory,Caution,synthetic_augmented,The Model Tenancy Act is a reference framework unless adopted; it should not be presented as automatically binding Delhi law.,le_3500,statutory,False
DEL-DR-011,"For rent above ₹3,500, the agreement shall not cite the DRCA as the source of a statutory rent cap.",delhi,documentation,above_3500,general_law,Safe,synthetic_augmented,The clause avoids incorrectly extending the DRCA to excluded premises.,above_3500,general_law,False
DEL-DR-012,The agreement shall include the monthly rent in numeric and written form.,delhi,documentation,above_3500,market_convention,Safe,synthetic_augmented,Dual notation reduces amount disputes.,above_3500,market_convention,False
DEL-DR-013,The agreement shall specify whether the deposit is refundable and the permitted deduction categories.,delhi,documentation,above_3500,market_convention,Safe,synthetic_augmented,Explicit deposit treatment reduces ambiguity.,above_3500,market_convention,False
DEL-DR-014,The agreement shall identify the notice method and effective date calculation.,delhi,documentation,above_3500,market_convention,Safe,synthetic_augmented,Clear notice mechanics reduce procedural disputes.,above_3500,market_convention,False
DEL-DR-015,The landlord may keep the original signed agreement and refuse the tenant access to a copy.,delhi,documentation,above_3500,general_law,High Risk,synthetic_augmented,Both parties should have reliable access to the operative agreement.,above_3500,general_law,False
DEL-DR-016,The parties shall record the meter numbers and opening readings at possession.,delhi,documentation,above_3500,market_convention,Safe,synthetic_augmented,Opening records help allocate utility charges accurately.,above_3500,market_convention,False
DEL-DR-017,Any handwritten alteration shall be initialed by both parties.,delhi,documentation,above_3500,market_convention,Safe,synthetic_augmented,Mutual initials create evidence that an alteration was agreed.,above_3500,market_convention,False
DEL-DR-018,A clause may be deleted after signing if the landlord considers it commercially inconvenient.,delhi,documentation,above_3500,general_law,High Risk,synthetic_augmented,Post-signing unilateral deletion undermines contract integrity.,above_3500,general_law,False
DEL-DR-019,The agreement shall specify the correspondence addresses or agreed electronic channels for formal notices.,delhi,documentation,above_3500,market_convention,Safe,synthetic_augmented,Defined notice channels reduce delivery disputes.,above_3500,market_convention,False
DEL-DR-020,The tenant shall acknowledge receipt of a signed copy within three days.,delhi,documentation,above_3500,market_convention,Safe,synthetic_augmented,A short acknowledgment requirement is administrative and clear.,above_3500,market_convention,False
DEL-DR-021,The agreement shall include a schedule distinguishing rent from refundable deposit and reimbursable charges.,delhi,documentation,above_3500,market_convention,Safe,synthetic_augmented,A payment schedule helps prevent category confusion.,above_3500,market_convention,False
DEL-DR-022,The parties may amend the agreement through a signed addendum without rewriting the entire lease.,delhi,documentation,above_3500,market_convention,Safe,synthetic_augmented,A signed addendum is a practical way to document changes.,above_3500,market_convention,False
DEL-DR-023,The landlord may replace the entire agreement with a new version without tenant consent.,delhi,documentation,above_3500,general_law,High Risk,synthetic_augmented,Replacing a contract unilaterally is inconsistent with mutual contractual consent.,above_3500,general_law,False
DEL-DR-024,The agreement shall state the date of possession separately from the date of signature.,delhi,documentation,above_3500,market_convention,Safe,synthetic_augmented,Separating execution and possession dates improves timeline accuracy.,above_3500,market_convention,False
DEL-DR-025,"The tenant shall retain copies of payment records, notices, inventories, and signed amendments.",delhi,documentation,above_3500,market_convention,Safe,synthetic_augmented,Record retention supports both parties in later disputes.,above_3500,market_convention,False
DEL-DS-001,The parties shall first exchange a written statement of the dispute and attempt good-faith resolution within 15 days.,delhi,dispute_resolution,above_3500,market_convention,Safe,synthetic_augmented,A short written pre-dispute step can resolve simple disagreements without preventing later remedies.,above_3500,market_convention,False
DEL-DS-002,Any dispute shall be decided solely by the landlord.,delhi,dispute_resolution,above_3500,general_law,High Risk,synthetic_augmented,Giving one party unilateral adjudicatory power is fundamentally unbalanced.,above_3500,general_law,False
DEL-DS-003,The parties may use mediation before pursuing other remedies where appropriate.,delhi,dispute_resolution,above_3500,market_convention,Safe,synthetic_augmented,Mediation can reduce cost and preserve the relationship without eliminating legal remedies.,above_3500,market_convention,False
DEL-DS-004,The tenant waives all rights to approach a court or competent authority regarding the tenancy.,delhi,dispute_resolution,above_3500,general_law,High Risk,synthetic_augmented,A blanket waiver of lawful remedies is excessively broad.,above_3500,general_law,False
DEL-DS-005,"Disputes concerning deposit deductions shall be supported by the underlying invoices, bills, or photographs relied upon.",delhi,dispute_resolution,above_3500,market_convention,Safe,synthetic_augmented,Evidence-based dispute handling improves transparency.,above_3500,market_convention,False
DEL-DS-006,A dispute about one utility bill shall suspend all rent obligations until resolved.,delhi,dispute_resolution,above_3500,market_convention,Caution,synthetic_augmented,Suspending all rent for a limited ancillary dispute creates disproportionate default risk.,above_3500,market_convention,False
DEL-DS-007,"The parties shall preserve electronic communications relating to rent, notices, and repairs.",delhi,dispute_resolution,above_3500,market_convention,Safe,synthetic_augmented,Communication records are useful evidence.,above_3500,market_convention,False
DEL-DS-008,The landlord may destroy all tenancy records after termination.,delhi,dispute_resolution,above_3500,general_law,Caution,synthetic_augmented,Premature destruction of records can impair both parties' ability to prove claims.,above_3500,general_law,False
DEL-DS-009,"For rent of ₹3,500, disputes involving DRCA rights shall be handled through the legally applicable statutory forum and process.",delhi,dispute_resolution,le_3500,statutory,Safe,synthetic_augmented,The clause recognizes that statutory forum and process may control covered tenancy disputes.,le_3500,statutory,False
DEL-DS-010,"For rent of ₹3,500, the agreement states that private arbitration automatically replaces every statutory rent-control remedy.",delhi,dispute_resolution,le_3500,statutory,High Risk,synthetic_augmented,A private clause should not be treated as automatically overriding mandatory statutory mechanisms.,le_3500,statutory,False
DEL-DS-011,"The parties shall identify the disputed clause, relevant payment record, and requested remedy before mediation.",delhi,dispute_resolution,above_3500,market_convention,Safe,synthetic_augmented,Structured dispute notices make resolution more efficient.,above_3500,market_convention,False
DEL-DS-012,"The tenant must pay a ₹50,000 fee merely to raise a dispute with the landlord.",delhi,dispute_resolution,above_3500,general_law,High Risk,synthetic_augmented,A large access fee can deter legitimate complaints and is disproportionate.,above_3500,general_law,False
DEL-DS-013,"The landlord may deduct legal expenses from the deposit for any dispute, even if the tenant prevails.",delhi,dispute_resolution,above_3500,general_law,High Risk,synthetic_augmented,Automatic shifting of all dispute costs to the tenant regardless of outcome is punitive.,above_3500,general_law,False
DEL-DS-014,Each party shall bear its own ordinary advisory costs unless a competent forum orders otherwise.,delhi,dispute_resolution,above_3500,market_convention,Safe,synthetic_augmented,The clause avoids an automatic one-sided cost transfer.,above_3500,market_convention,False
DEL-DS-015,The parties shall exchange a final account statement at termination and allow seven days to raise accounting objections.,delhi,dispute_resolution,above_3500,market_convention,Safe,synthetic_augmented,A defined reconciliation window improves closure.,above_3500,market_convention,False
DEL-DS-016,No dispute may be raised more than 24 hours after the relevant event.,delhi,dispute_resolution,above_3500,general_law,High Risk,synthetic_augmented,An extremely short blanket limitation period can unfairly extinguish legitimate claims.,above_3500,general_law,False
DEL-DS-017,The parties may agree in writing to extend a dispute-resolution deadline.,delhi,dispute_resolution,above_3500,market_convention,Safe,synthetic_augmented,Flexibility prevents rigid deadlines from creating unnecessary disputes.,above_3500,market_convention,False
DEL-DS-018,The landlord may refuse to provide documents relevant to a disputed deduction.,delhi,dispute_resolution,above_3500,general_law,High Risk,synthetic_augmented,Withholding relevant evidence undermines fair dispute resolution.,above_3500,general_law,False
DEL-DS-019,"Repair disputes shall identify whether the issue concerns ordinary wear, tenant-caused damage, or structural failure.",delhi,dispute_resolution,above_3500,market_convention,Safe,synthetic_augmented,Categorization makes repair disputes more objective.,above_3500,market_convention,False
DEL-DS-020,Rent disputes shall distinguish the contractual amount from any disputed escalation.,delhi,dispute_resolution,above_3500,market_convention,Safe,synthetic_augmented,Separating base rent and escalation disputes reduces confusion.,above_3500,market_convention,False
DEL-DS-021,"For a tenancy outside the DRCA, the agreement may specify a dispute-resolution process without describing the DRCA as the governing rent-control statute.",delhi,dispute_resolution,above_3500,general_law,Safe,synthetic_augmented,This preserves contractual flexibility while maintaining correct statutory scope.,above_3500,general_law,False
DEL-DS-022,The agreement shall not require the tenant to admit liability before receiving a deposit statement.,delhi,dispute_resolution,above_3500,general_law,Safe,synthetic_augmented,A tenant should be able to inspect and challenge deductions without pre-admitting liability.,above_3500,general_law,False
DEL-DS-023,A settlement of a dispute shall be recorded in writing and signed by both parties.,delhi,dispute_resolution,above_3500,market_convention,Safe,synthetic_augmented,Written settlement terms reduce later disagreement.,above_3500,market_convention,False
DEL-DS-024,The landlord may unilaterally declare a dispute resolved if the tenant does not respond within 12 hours.,delhi,dispute_resolution,above_3500,general_law,High Risk,synthetic_augmented,An extremely short unilateral closure mechanism is unfair and unreliable.,above_3500,general_law,False
DEL-DS-025,The parties shall preserve the final handover record as part of the tenancy file.,delhi,dispute_resolution,above_3500,market_convention,Safe,synthetic_augmented,The handover record is central evidence for possession and deposit settlement.,above_3500,market_convention,False
DEL-PH-001,The parties shall conduct a joint move-in inspection and record visible defects before possession.,delhi,possession_condition,above_3500,market_convention,Safe,synthetic_augmented,A joint inspection creates evidence of pre-existing condition.,above_3500,market_convention,False
DEL-PH-002,Tenant shall accept the premises in perfect condition and waive any complaint about defects discovered after move-in.,delhi,possession_condition,above_3500,general_law,High Risk,synthetic_augmented,A blanket waiver can unfairly shift unknown or latent defects to the tenant.,above_3500,general_law,False
DEL-PH-003,"The tenant shall return the premises in substantially the same condition, excluding ordinary wear and tear.",delhi,possession_condition,above_3500,market_convention,Safe,synthetic_augmented,This is a standard and balanced restoration obligation.,above_3500,market_convention,False
DEL-PH-004,Landlord may refuse to accept vacant possession until every disputed repair is completed by the tenant.,delhi,possession_condition,above_3500,market_convention,Caution,synthetic_augmented,Refusing possession can prolong rent and deposit disputes where repair responsibility is contested.,above_3500,market_convention,False
DEL-PH-005,Keys shall be handed over against a written acknowledgment on the possession date.,delhi,possession_condition,above_3500,market_convention,Safe,synthetic_augmented,Written acknowledgment creates clear evidence of possession transfer.,above_3500,market_convention,False
DEL-PH-006,Tenant shall remove personal belongings before the agreed handover date.,delhi,possession_condition,above_3500,market_convention,Safe,synthetic_augmented,The obligation is clear and practical.,above_3500,market_convention,False
DEL-PH-007,Any belongings left after handover may be discarded immediately without notice.,delhi,possession_condition,above_3500,general_law,High Risk,synthetic_augmented,Immediate disposal without a reasonable notice or collection process creates substantial property risk.,above_3500,general_law,False
DEL-PH-008,The move-out condition shall be compared with the signed move-in inventory.,delhi,possession_condition,above_3500,market_convention,Safe,synthetic_augmented,Using the original inventory provides an objective comparison.,above_3500,market_convention,False
DEL-PH-009,Landlord may charge a full repainting cost regardless of the property's condition at move-out.,delhi,possession_condition,above_3500,market_convention,Caution,synthetic_augmented,A fixed full repainting charge can overstate actual tenant-caused damage.,above_3500,market_convention,False
DEL-PH-010,Tenant shall pay for replacement of every fixture that shows any sign of age.,delhi,possession_condition,above_3500,market_convention,Caution,synthetic_augmented,Age alone should not automatically create a replacement liability for the tenant.,above_3500,market_convention,False
DEL-PH-011,"For rent of ₹3,500, the tenancy shall record the possession date and preserve evidence of the condition at handover.",delhi,possession_condition,le_3500,statutory,Safe,synthetic_augmented,Good documentation supports disputes without inventing a separate DRCA handover rule.,le_3500,statutory,False
DEL-PH-012,"For rent of ₹3,500, landlord may refuse to accept keys and continue charging rent until the tenant agrees to all deductions.",delhi,possession_condition,le_3500,general_law,High Risk,synthetic_augmented,Using acceptance of possession to force agreement to deductions is coercive and can prolong liability.,le_3500,general_law,False
DEL-PH-013,The landlord shall provide a final meter reading record at handover.,delhi,possession_condition,above_3500,market_convention,Safe,synthetic_augmented,The record supports accurate utility settlement.,above_3500,market_convention,False
DEL-PH-014,The tenant shall photograph material pre-existing defects within 48 hours of possession.,delhi,possession_condition,above_3500,market_convention,Safe,synthetic_augmented,Early documentation helps distinguish pre-existing defects from tenant damage.,above_3500,market_convention,False
DEL-PH-015,"Landlord shall not charge for normal fading, minor scuffs, or ordinary aging.",delhi,possession_condition,above_3500,market_convention,Safe,synthetic_augmented,The clause clearly excludes normal wear from tenant liability.,above_3500,market_convention,False
DEL-PH-016,Tenant shall repair damage caused by intentional or negligent misuse before handover.,delhi,possession_condition,above_3500,market_convention,Safe,synthetic_augmented,The obligation is tied to tenant-caused damage.,above_3500,market_convention,False
DEL-PH-017,Landlord may deduct the estimated cost of every possible future repair from the deposit.,delhi,possession_condition,above_3500,general_law,High Risk,synthetic_augmented,"Deductions should be tied to actual or reasonably established liabilities, not speculative future repairs.",above_3500,general_law,False
DEL-PH-018,The final inspection shall occur within three days after the tenant requests handover.,delhi,possession_condition,above_3500,market_convention,Safe,synthetic_augmented,A defined inspection window reduces indefinite delay.,above_3500,market_convention,False
DEL-PH-019,"If the landlord does not attend a scheduled handover, the tenant may document the handover attempt and preserve the keys securely.",delhi,possession_condition,above_3500,market_convention,Safe,synthetic_augmented,The clause creates a practical record where the landlord is unavailable.,above_3500,market_convention,False
DEL-PH-020,The landlord shall return the tenant's access deposit or refundable key deposit at handover unless a documented deduction applies.,delhi,possession_condition,above_3500,market_convention,Safe,synthetic_augmented,It prevents minor access deposits from being indefinitely retained.,above_3500,market_convention,False
DEL-PH-021,Tenant shall not remove landlord-owned fixtures even if the tenant paid for installation.,delhi,possession_condition,above_3500,market_convention,Safe,synthetic_augmented,Ownership of fixtures should be clear at exit.,above_3500,market_convention,False
DEL-PH-022,Any agreed deduction for damage shall identify the affected item and the basis of calculation.,delhi,possession_condition,above_3500,market_convention,Safe,synthetic_augmented,Specific deduction descriptions reduce arbitrary charges.,above_3500,market_convention,False
DEL-PH-023,Landlord may claim a fixed penalty for every day of delayed handover regardless of the reason.,delhi,possession_condition,above_3500,market_convention,Caution,synthetic_augmented,A fixed daily penalty may be disproportionate where delay is caused by landlord-side issues or other circumstances.,above_3500,market_convention,False
DEL-PH-024,"The parties shall sign a final handover statement listing keys, meter readings, deposit balance, and outstanding amounts.",delhi,possession_condition,above_3500,market_convention,Safe,synthetic_augmented,A comprehensive exit record reduces later factual disputes.,above_3500,market_convention,False
DEL-PH-025,The tenant shall receive confirmation that possession has been accepted once keys and the agreed handover record are delivered.,delhi,possession_condition,above_3500,market_convention,Safe,synthetic_augmented,Clear acceptance evidence helps establish the end of possession.,above_3500,market_convention,False
DEL-SD-001-V2,Tenant shall pay a refundable security deposit equal to one month's rent before receiving possession.,delhi,security_deposit,le_3500,statutory,Safe,synthetic_augmented_v2,A modest refundable deposit with a clear adjustment mechanism is ordinarily low risk.,"≤₹3,500",statutory,False
DEL-SD-002-V2,"Security deposit shall be ₹60,000 and shall be refunded after handover, subject to documented deductions for tenant-caused damage.",delhi,security_deposit,above_3500,general_law,Caution,synthetic_augmented_v2,"The clause is mainly contractual; risk turns on the amount, refund mechanism, and applicable tenancy regime.","₹3,501–₹15,000",general_law,False
DEL-SD-003-V2,Landlord may retain the entire security deposit for any delay in vacating the premises.,delhi,security_deposit,above_3500,market_convention,High Risk,synthetic_augmented_v2,An automatic or indefinite forfeiture mechanism can create significant contractual risk.,"₹15,001–₹30,000",contractual,False
DEL-SD-004-V2,"Tenant shall provide a security deposit of nine months' rent, refundable without interest after final inspection.",delhi,security_deposit,above_3500,market_convention,Caution,synthetic_augmented_v2,"A large deposit may be a market outlier without being automatically unlawful, so regime and context matter.",">₹30,000",market_deviation,False
DEL-SD-005-V2,"Security deposit of ₹1,50,000 shall be held by the landlord and adjusted against unpaid rent only after a written statement of account.",delhi,security_deposit,le_3500,statutory,Safe,synthetic_augmented_v2,A modest refundable deposit with a clear adjustment mechanism is ordinarily low risk.,"≤₹3,500",statutory,False
DEL-SD-006-V2,"Any deduction from the deposit must identify the invoice, repair, or unpaid charge giving rise to it.",delhi,security_deposit,above_3500,general_law,Caution,synthetic_augmented_v2,"The clause is mainly contractual; risk turns on the amount, refund mechanism, and applicable tenancy regime.","₹3,501–₹15,000",general_law,False
DEL-SD-007-V2,The deposit shall automatically become non-refundable if the tenant gives less than ninety days' notice.,delhi,security_deposit,above_3500,market_convention,High Risk,synthetic_augmented_v2,An automatic or indefinite forfeiture mechanism can create significant contractual risk.,"₹15,001–₹30,000",contractual,False
DEL-SD-008-V2,Landlord may deduct repainting costs from the deposit regardless of whether repainting is required because of ordinary wear.,delhi,security_deposit,above_3500,market_convention,Caution,synthetic_augmented_v2,"A large deposit may be a market outlier without being automatically unlawful, so regime and context matter.",">₹30,000",market_deviation,False
DEL-SD-009-V2,"Tenant shall pay a deposit equivalent to twelve months' rent, with no contractual deadline for its refund.",delhi,security_deposit,le_3500,statutory,Safe,synthetic_augmented_v2,A modest refundable deposit with a clear adjustment mechanism is ordinarily low risk.,"≤₹3,500",statutory,False
DEL-SD-010-V2,"Deposit shall be returned within fifteen days of possession being handed back, after adjustment of verified dues.",delhi,security_deposit,above_3500,general_law,Caution,synthetic_augmented_v2,"The clause is mainly contractual; risk turns on the amount, refund mechanism, and applicable tenancy regime.","₹3,501–₹15,000",general_law,False
DEL-SD-011-V2,Landlord may use the security deposit at any time during the tenancy without informing the tenant.,delhi,security_deposit,above_3500,market_convention,High Risk,synthetic_augmented_v2,An automatic or indefinite forfeiture mechanism can create significant contractual risk.,"₹15,001–₹30,000",contractual,False
DEL-SD-012-V2,The deposit will be refunded after electricity and water accounts are reconciled and supporting bills are provided.,delhi,security_deposit,above_3500,market_convention,Caution,synthetic_augmented_v2,"A large deposit may be a market outlier without being automatically unlawful, so regime and context matter.",">₹30,000",market_deviation,False
DEL-SD-013-V2,Tenant shall pay an additional security amount whenever the landlord considers the existing deposit insufficient.,delhi,security_deposit,le_3500,statutory,Safe,synthetic_augmented_v2,A modest refundable deposit with a clear adjustment mechanism is ordinarily low risk.,"≤₹3,500",statutory,False
DEL-SD-014-V2,Security deposit shall not be treated as the final month's rent unless both parties agree in writing.,delhi,security_deposit,above_3500,general_law,Caution,synthetic_augmented_v2,"The clause is mainly contractual; risk turns on the amount, refund mechanism, and applicable tenancy regime.","₹3,501–₹15,000",general_law,False
DEL-SD-015-V2,"At expiry, landlord shall provide a written deposit reconciliation showing each deduction and the remaining balance.",delhi,security_deposit,above_3500,market_convention,High Risk,synthetic_augmented_v2,An automatic or indefinite forfeiture mechanism can create significant contractual risk.,"₹15,001–₹30,000",contractual,False
DEL-SD-016-V2,Deposit shall be forfeited if the tenant permits a guest to stay overnight without prior written consent.,delhi,security_deposit,above_3500,market_convention,Caution,synthetic_augmented_v2,"A large deposit may be a market outlier without being automatically unlawful, so regime and context matter.",">₹30,000",market_deviation,False
DEL-SD-017-V2,The security deposit will be retained until the landlord receives the society's final maintenance clearance.,delhi,security_deposit,le_3500,statutory,Safe,synthetic_augmented_v2,A modest refundable deposit with a clear adjustment mechanism is ordinarily low risk.,"≤₹3,500",statutory,False
DEL-SD-018-V2,"Tenant shall pay two months' rent as deposit, refundable after deduction of legitimate outstanding liabilities.",delhi,security_deposit,above_3500,general_law,Caution,synthetic_augmented_v2,"The clause is mainly contractual; risk turns on the amount, refund mechanism, and applicable tenancy regime.","₹3,501–₹15,000",general_law,False
DEL-SD-019-V2,Any undisputed portion of the deposit shall be released even if a separate deduction remains under discussion.,delhi,security_deposit,above_3500,market_convention,High Risk,synthetic_augmented_v2,An automatic or indefinite forfeiture mechanism can create significant contractual risk.,"₹15,001–₹30,000",contractual,False
DEL-SD-020-V2,"Landlord may deduct a fixed ₹25,000 cleaning fee from the deposit on every move-out, irrespective of condition.",delhi,security_deposit,above_3500,market_convention,Caution,synthetic_augmented_v2,"A large deposit may be a market outlier without being automatically unlawful, so regime and context matter.",">₹30,000",market_deviation,False
DEL-SD-021-V2,"Security deposit shall be increased proportionately whenever rent is increased, subject to a written record of the revised amount.",delhi,security_deposit,le_3500,statutory,Safe,synthetic_augmented_v2,A modest refundable deposit with a clear adjustment mechanism is ordinarily low risk.,"≤₹3,500",statutory,False
DEL-SD-022-V2,The landlord may hold the deposit for six months after possession if final utility bills are not yet available.,delhi,security_deposit,above_3500,general_law,Caution,synthetic_augmented_v2,"The clause is mainly contractual; risk turns on the amount, refund mechanism, and applicable tenancy regime.","₹3,501–₹15,000",general_law,False
DEL-SD-023-V2,Deposit deductions for damage shall be based on reasonable repair cost rather than replacement of the entire item.,delhi,security_deposit,above_3500,market_convention,High Risk,synthetic_augmented_v2,An automatic or indefinite forfeiture mechanism can create significant contractual risk.,"₹15,001–₹30,000",contractual,False
DEL-SD-024-V2,The tenant waives all rights to receive an accounting of security-deposit deductions.,delhi,security_deposit,above_3500,market_convention,Caution,synthetic_augmented_v2,"A large deposit may be a market outlier without being automatically unlawful, so regime and context matter.",">₹30,000",market_deviation,False
DEL-SD-025-V2,Deposit shall be refunded only after the tenant produces a no-dues certificate from every service provider.,delhi,security_deposit,le_3500,statutory,Safe,synthetic_augmented_v2,A modest refundable deposit with a clear adjustment mechanism is ordinarily low risk.,"≤₹3,500",statutory,False
DEL-SD-026-V2,"Security deposit shall be held against rent, utility charges, and physical damage attributable to the tenant.",delhi,security_deposit,above_3500,general_law,Caution,synthetic_augmented_v2,"The clause is mainly contractual; risk turns on the amount, refund mechanism, and applicable tenancy regime.","₹3,501–₹15,000",general_law,False
DEL-SD-027-V2,The landlord may deduct unpaid rent from the deposit but shall first give the tenant a written calculation.,delhi,security_deposit,above_3500,market_convention,High Risk,synthetic_augmented_v2,An automatic or indefinite forfeiture mechanism can create significant contractual risk.,"₹15,001–₹30,000",contractual,False
DEL-SD-028-V2,Tenant shall provide a second deposit whenever any family member moves into the premises.,delhi,security_deposit,above_3500,market_convention,Caution,synthetic_augmented_v2,"A large deposit may be a market outlier without being automatically unlawful, so regime and context matter.",">₹30,000",market_deviation,False
DEL-SD-029-V2,Deposit shall be refundable without interest within thirty days after vacant possession and key handover.,delhi,security_deposit,le_3500,statutory,Safe,synthetic_augmented_v2,A modest refundable deposit with a clear adjustment mechanism is ordinarily low risk.,"≤₹3,500",statutory,False
DEL-SD-030-V2,Landlord may withhold the deposit indefinitely where the tenant disputes the amount of a proposed deduction.,delhi,security_deposit,above_3500,general_law,Caution,synthetic_augmented_v2,"The clause is mainly contractual; risk turns on the amount, refund mechanism, and applicable tenancy regime.","₹3,501–₹15,000",general_law,False
DEL-SD-031-V2,The deposit is expressly separate from rent and cannot be applied by either party without written consent.,delhi,security_deposit,above_3500,market_convention,High Risk,synthetic_augmented_v2,An automatic or indefinite forfeiture mechanism can create significant contractual risk.,"₹15,001–₹30,000",contractual,False
DEL-SD-032-V2,Any deduction for missing fixtures must identify the fixture and its condition at move-in.,delhi,security_deposit,above_3500,market_convention,Caution,synthetic_augmented_v2,"A large deposit may be a market outlier without being automatically unlawful, so regime and context matter.",">₹30,000",market_deviation,False
DEL-SD-033-V2,"Tenant shall pay a security deposit equal to four months' rent, described in this agreement as a commercial risk allocation.",delhi,security_deposit,le_3500,statutory,Safe,synthetic_augmented_v2,A modest refundable deposit with a clear adjustment mechanism is ordinarily low risk.,"≤₹3,500",statutory,False
DEL-SD-034-V2,Landlord may deduct brokerage charges from the deposit when the tenant leaves before the lock-in expires.,delhi,security_deposit,above_3500,general_law,Caution,synthetic_augmented_v2,"The clause is mainly contractual; risk turns on the amount, refund mechanism, and applicable tenancy regime.","₹3,501–₹15,000",general_law,False
DEL-SD-035-V2,"Deposit shall be returned after inspection, with photographs used to substantiate any claimed physical damage.",delhi,security_deposit,above_3500,market_convention,High Risk,synthetic_augmented_v2,An automatic or indefinite forfeiture mechanism can create significant contractual risk.,"₹15,001–₹30,000",contractual,False
DEL-SD-036-V2,"Landlord may retain ₹10,000 from the deposit as an administrative close-out charge even where no dues exist.",delhi,security_deposit,above_3500,market_convention,Caution,synthetic_augmented_v2,"A large deposit may be a market outlier without being automatically unlawful, so regime and context matter.",">₹30,000",market_deviation,False
DEL-SD-037-V2,"The deposit will be adjusted against the final month's rent automatically, whether or not the tenant agrees.",delhi,security_deposit,le_3500,statutory,Safe,synthetic_augmented_v2,A modest refundable deposit with a clear adjustment mechanism is ordinarily low risk.,"≤₹3,500",statutory,False
DEL-SD-038-V2,Refund of the deposit is conditional on the tenant restoring every alteration made with the landlord's written approval.,delhi,security_deposit,above_3500,general_law,Caution,synthetic_augmented_v2,"The clause is mainly contractual; risk turns on the amount, refund mechanism, and applicable tenancy regime.","₹3,501–₹15,000",general_law,False
DEL-SD-039-V2,"Security deposit shall be refunded after handover, but the agreement does not specify a refund period.",delhi,security_deposit,above_3500,market_convention,High Risk,synthetic_augmented_v2,An automatic or indefinite forfeiture mechanism can create significant contractual risk.,"₹15,001–₹30,000",contractual,False
DEL-SD-040-V2,"Where the tenancy is governed only by contractual terms, the parties agree that the deposit amount and refund mechanism are contractual.",delhi,security_deposit,above_3500,market_convention,Caution,synthetic_augmented_v2,"A large deposit may be a market outlier without being automatically unlawful, so regime and context matter.",">₹30,000",market_deviation,False
DEL-NL-001-V2,Either party may terminate the tenancy by giving thirty days' written notice.,delhi,notice_lockin,le_3500,general_law,Safe,synthetic_augmented_v2,A clear bilateral notice mechanism is generally easier to administer and verify.,"≤₹3,500",general_law,False
DEL-NL-002-V2,"Tenant must provide sixty days' notice, while landlord must provide thirty days' notice.",delhi,notice_lockin,above_3500,market_convention,Caution,synthetic_augmented_v2,Notice and lock-in provisions are primarily contractual outside an applicable statutory regime.,"₹3,501–₹15,000",contractual,False
DEL-NL-003-V2,Tenant may not terminate during the first six months except for a material breach by the landlord.,delhi,notice_lockin,above_3500,statutory,High Risk,synthetic_augmented_v2,A unilateral termination power or unclear lock-in consequence can materially increase tenant risk.,"₹15,001–₹30,000",statutory,True
DEL-NL-004-V2,Notice shall be sent by email and acknowledged by the receiving party.,delhi,notice_lockin,above_3500,market_convention,Caution,synthetic_augmented_v2,The clause requires the applicable tenancy regime and surrounding agreement to determine the legal effect.,">₹30,000",market_deviation,False
DEL-NL-005-V2,Notice is effective only when physically delivered to the landlord's registered address.,delhi,notice_lockin,le_3500,general_law,Safe,synthetic_augmented_v2,A clear bilateral notice mechanism is generally easier to administer and verify.,"≤₹3,500",general_law,False
DEL-NL-006-V2,"If the tenant leaves without completing the lock-in, all remaining monthly rent becomes immediately payable.",delhi,notice_lockin,above_3500,market_convention,Caution,synthetic_augmented_v2,Notice and lock-in provisions are primarily contractual outside an applicable statutory regime.,"₹3,501–₹15,000",contractual,False
DEL-NL-007-V2,"After the lock-in period, either party may terminate on forty-five days' written notice.",delhi,notice_lockin,above_3500,statutory,High Risk,synthetic_augmented_v2,A unilateral termination power or unclear lock-in consequence can materially increase tenant risk.,"₹15,001–₹30,000",statutory,True
DEL-NL-008-V2,Tenant may terminate immediately if the premises become materially uninhabitable and the landlord fails to remedy the condition.,delhi,notice_lockin,above_3500,market_convention,Caution,synthetic_augmented_v2,The clause requires the applicable tenancy regime and surrounding agreement to determine the legal effect.,">₹30,000",market_deviation,False
DEL-NL-009-V2,Notice given by messaging application shall be valid only if the landlord replies confirming receipt.,delhi,notice_lockin,le_3500,general_law,Safe,synthetic_augmented_v2,A clear bilateral notice mechanism is generally easier to administer and verify.,"≤₹3,500",general_law,False
DEL-NL-010-V2,The agreement renews for another year unless either party gives sixty days' prior written notice.,delhi,notice_lockin,above_3500,market_convention,Caution,synthetic_augmented_v2,Notice and lock-in provisions are primarily contractual outside an applicable statutory regime.,"₹3,501–₹15,000",contractual,False
DEL-NL-011-V2,Tenant must give ninety days' notice even where the landlord commits a material contractual breach.,delhi,notice_lockin,above_3500,statutory,High Risk,synthetic_augmented_v2,A unilateral termination power or unclear lock-in consequence can materially increase tenant risk.,"₹15,001–₹30,000",statutory,True
DEL-NL-012-V2,Landlord may terminate on seven days' notice whenever it wishes to sell the property.,delhi,notice_lockin,above_3500,market_convention,Caution,synthetic_augmented_v2,The clause requires the applicable tenancy regime and surrounding agreement to determine the legal effect.,">₹30,000",market_deviation,False
DEL-NL-013-V2,Notice shall specify the proposed date of handover and shall be accompanied by confirmation of rent payment.,delhi,notice_lockin,le_3500,general_law,Safe,synthetic_augmented_v2,A clear bilateral notice mechanism is generally easier to administer and verify.,"≤₹3,500",general_law,False
DEL-NL-014-V2,"During the three-month lock-in, the tenant may vacate but remains liable for the contractual early-exit charge.",delhi,notice_lockin,above_3500,market_convention,Caution,synthetic_augmented_v2,Notice and lock-in provisions are primarily contractual outside an applicable statutory regime.,"₹3,501–₹15,000",contractual,False
DEL-NL-015-V2,Either party may waive the notice period by written agreement.,delhi,notice_lockin,above_3500,statutory,High Risk,synthetic_augmented_v2,A unilateral termination power or unclear lock-in consequence can materially increase tenant risk.,"₹15,001–₹30,000",statutory,True
DEL-NL-016-V2,A notice period shorter than the contractual period may be accepted if the landlord re-lets the premises earlier.,delhi,notice_lockin,above_3500,market_convention,Caution,synthetic_augmented_v2,The clause requires the applicable tenancy regime and surrounding agreement to determine the legal effect.,">₹30,000",market_deviation,False
DEL-NL-017-V2,Tenant shall pay one month's rent in lieu of notice unless the parties agree to an earlier handover.,delhi,notice_lockin,le_3500,general_law,Safe,synthetic_augmented_v2,A clear bilateral notice mechanism is generally easier to administer and verify.,"≤₹3,500",general_law,False
DEL-NL-018-V2,The lock-in period applies only to the tenant; landlord may terminate at any time without compensation.,delhi,notice_lockin,above_3500,market_convention,Caution,synthetic_augmented_v2,Notice and lock-in provisions are primarily contractual outside an applicable statutory regime.,"₹3,501–₹15,000",contractual,False
DEL-NL-019-V2,Any renewal must be confirmed in writing before the current term expires.,delhi,notice_lockin,above_3500,statutory,High Risk,synthetic_augmented_v2,A unilateral termination power or unclear lock-in consequence can materially increase tenant risk.,"₹15,001–₹30,000",statutory,True
DEL-NL-020-V2,Notice shall be deemed served three business days after dispatch to the email address stated in the agreement.,delhi,notice_lockin,above_3500,market_convention,Caution,synthetic_augmented_v2,The clause requires the applicable tenancy regime and surrounding agreement to determine the legal effect.,">₹30,000",market_deviation,False
DEL-NL-021-V2,Tenant's notice is invalid unless accompanied by a proposed inspection date.,delhi,notice_lockin,le_3500,general_law,Safe,synthetic_augmented_v2,A clear bilateral notice mechanism is generally easier to administer and verify.,"≤₹3,500",general_law,False
DEL-NL-022-V2,Landlord shall give reasonable contractual notice before ending the tenancy except where the agreement provides otherwise.,delhi,notice_lockin,above_3500,market_convention,Caution,synthetic_augmented_v2,Notice and lock-in provisions are primarily contractual outside an applicable statutory regime.,"₹3,501–₹15,000",contractual,False
DEL-NL-023-V2,The agreement contains a six-month lock-in but does not explain the consequences of early exit.,delhi,notice_lockin,above_3500,statutory,High Risk,synthetic_augmented_v2,A unilateral termination power or unclear lock-in consequence can materially increase tenant risk.,"₹15,001–₹30,000",statutory,True
DEL-NL-024-V2,Tenant may terminate during lock-in upon paying an amount equal to two months' rent.,delhi,notice_lockin,above_3500,market_convention,Caution,synthetic_augmented_v2,The clause requires the applicable tenancy regime and surrounding agreement to determine the legal effect.,">₹30,000",market_deviation,False
DEL-NL-025-V2,"Notice may be delivered personally, by registered post, or through the agreed electronic address.",delhi,notice_lockin,le_3500,general_law,Safe,synthetic_augmented_v2,A clear bilateral notice mechanism is generally easier to administer and verify.,"≤₹3,500",general_law,False
DEL-NL-026-V2,Failure to respond to a termination notice shall not by itself extend the tenancy.,delhi,notice_lockin,above_3500,market_convention,Caution,synthetic_augmented_v2,Notice and lock-in provisions are primarily contractual outside an applicable statutory regime.,"₹3,501–₹15,000",contractual,False
DEL-NL-027-V2,Landlord may reject a termination notice solely because a replacement tenant has not yet been found.,delhi,notice_lockin,above_3500,statutory,High Risk,synthetic_augmented_v2,A unilateral termination power or unclear lock-in consequence can materially increase tenant risk.,"₹15,001–₹30,000",statutory,True
DEL-NL-028-V2,"The notice period begins on the date the notice is received, not the date it is sent.",delhi,notice_lockin,above_3500,market_convention,Caution,synthetic_augmented_v2,The clause requires the applicable tenancy regime and surrounding agreement to determine the legal effect.,">₹30,000",market_deviation,False
DEL-NL-029-V2,Tenant shall remain responsible for rent through the notice period unless a mutually agreed earlier possession date is documented.,delhi,notice_lockin,le_3500,general_law,Safe,synthetic_augmented_v2,A clear bilateral notice mechanism is generally easier to administer and verify.,"≤₹3,500",general_law,False
DEL-NL-030-V2,Either party may terminate after the first year with forty-five days' notice.,delhi,notice_lockin,above_3500,market_convention,Caution,synthetic_augmented_v2,Notice and lock-in provisions are primarily contractual outside an applicable statutory regime.,"₹3,501–₹15,000",contractual,False
DEL-NL-031-V2,The lock-in clause does not apply if the landlord fails to provide agreed essential services.,delhi,notice_lockin,above_3500,statutory,High Risk,synthetic_augmented_v2,A unilateral termination power or unclear lock-in consequence can materially increase tenant risk.,"₹15,001–₹30,000",statutory,True
DEL-NL-032-V2,Notice delivered to the property manager shall be treated as notice to the landlord.,delhi,notice_lockin,above_3500,market_convention,Caution,synthetic_augmented_v2,The clause requires the applicable tenancy regime and surrounding agreement to determine the legal effect.,">₹30,000",market_deviation,False
DEL-NL-033-V2,Tenant must give three months' notice regardless of whether the tenancy is month-to-month or fixed-term.,delhi,notice_lockin,le_3500,general_law,Safe,synthetic_augmented_v2,A clear bilateral notice mechanism is generally easier to administer and verify.,"≤₹3,500",general_law,False
DEL-NL-034-V2,Termination requires both a written notice and completion of a joint move-out inspection.,delhi,notice_lockin,above_3500,market_convention,Caution,synthetic_augmented_v2,Notice and lock-in provisions are primarily contractual outside an applicable statutory regime.,"₹3,501–₹15,000",contractual,False
DEL-NL-035-V2,The agreement states that notice is required but leaves the exact notice period blank.,delhi,notice_lockin,above_3500,statutory,High Risk,synthetic_augmented_v2,A unilateral termination power or unclear lock-in consequence can materially increase tenant risk.,"₹15,001–₹30,000",statutory,True
DEL-MR-001-V2,"Tenant shall pay routine electricity, water, and internet charges based on actual consumption.",delhi,maintenance,le_3500,general_law,Safe,synthetic_augmented_v2,"Clear allocation between ordinary maintenance, tenant-caused damage, and structural repairs reduces dispute risk.","≤₹3,500",general_law,False
DEL-MR-002-V2,Landlord shall remain responsible for structural repairs and replacement of major plumbing lines.,delhi,maintenance,above_3500,market_convention,Caution,synthetic_augmented_v2,The clause is primarily contractual and should be read with the property's condition and agreement.,"₹3,501–₹15,000",contractual,False
DEL-MR-003-V2,Tenant shall repair any damage caused by misuse by the tenant or the tenant's guests.,delhi,maintenance,above_3500,statutory,High Risk,synthetic_augmented_v2,A blanket transfer of all structural or major repair costs to the tenant can create substantial contractual risk.,"₹15,001–₹30,000",statutory,True
DEL-MR-004-V2,"All repairs costing more than ₹5,000 shall require landlord approval before work is commissioned.",delhi,maintenance,above_3500,market_convention,Caution,synthetic_augmented_v2,Ambiguity over who pays for a repair is a practical dispute risk even when it is not itself a statutory violation.,">₹30,000",market_deviation,False
DEL-MR-005-V2,Tenant shall arrange routine servicing of air-conditioners installed for the tenant's exclusive use.,delhi,maintenance,le_3500,general_law,Safe,synthetic_augmented_v2,"Clear allocation between ordinary maintenance, tenant-caused damage, and structural repairs reduces dispute risk.","≤₹3,500",general_law,False
DEL-MR-006-V2,Landlord may enter the premises at any time to inspect maintenance work without prior notice.,delhi,maintenance,above_3500,market_convention,Caution,synthetic_augmented_v2,The clause is primarily contractual and should be read with the property's condition and agreement.,"₹3,501–₹15,000",contractual,False
DEL-MR-007-V2,Tenant shall notify the landlord promptly after discovering a material leak or electrical fault.,delhi,maintenance,above_3500,statutory,High Risk,synthetic_augmented_v2,A blanket transfer of all structural or major repair costs to the tenant can create substantial contractual risk.,"₹15,001–₹30,000",statutory,True
DEL-MR-008-V2,Normal wear and tear shall not be treated as tenant-caused damage.,delhi,maintenance,above_3500,market_convention,Caution,synthetic_augmented_v2,Ambiguity over who pays for a repair is a practical dispute risk even when it is not itself a statutory violation.,">₹30,000",market_deviation,False
DEL-MR-009-V2,Landlord shall reimburse emergency repair costs where the tenant could not reasonably obtain prior approval.,delhi,maintenance,le_3500,general_law,Safe,synthetic_augmented_v2,"Clear allocation between ordinary maintenance, tenant-caused damage, and structural repairs reduces dispute risk.","≤₹3,500",general_law,False
DEL-MR-010-V2,Tenant shall bear the cost of replacing the building's main electrical meter whenever it fails.,delhi,maintenance,above_3500,market_convention,Caution,synthetic_augmented_v2,The clause is primarily contractual and should be read with the property's condition and agreement.,"₹3,501–₹15,000",contractual,False
DEL-MR-011-V2,"Landlord shall maintain the building's roof, external walls, and structural systems.",delhi,maintenance,above_3500,statutory,High Risk,synthetic_augmented_v2,A blanket transfer of all structural or major repair costs to the tenant can create substantial contractual risk.,"₹15,001–₹30,000",statutory,True
DEL-MR-012-V2,"Tenant shall pay a fixed monthly maintenance fee in addition to rent, but the agreement gives no description of services.",delhi,maintenance,above_3500,market_convention,Caution,synthetic_augmented_v2,Ambiguity over who pays for a repair is a practical dispute risk even when it is not itself a statutory violation.,">₹30,000",market_deviation,False
DEL-MR-013-V2,Maintenance charges may be increased by the landlord whenever building expenses increase.,delhi,maintenance,le_3500,general_law,Safe,synthetic_augmented_v2,"Clear allocation between ordinary maintenance, tenant-caused damage, and structural repairs reduces dispute risk.","≤₹3,500",general_law,False
DEL-MR-014-V2,Tenant shall keep the interior reasonably clean and dispose of household waste in accordance with society rules.,delhi,maintenance,above_3500,market_convention,Caution,synthetic_augmented_v2,The clause is primarily contractual and should be read with the property's condition and agreement.,"₹3,501–₹15,000",contractual,False
DEL-MR-015-V2,Landlord shall be responsible for defects existing before possession unless they were disclosed and accepted in writing.,delhi,maintenance,above_3500,statutory,High Risk,synthetic_augmented_v2,A blanket transfer of all structural or major repair costs to the tenant can create substantial contractual risk.,"₹15,001–₹30,000",statutory,True
DEL-MR-016-V2,"Tenant must obtain three quotations before carrying out any repair exceeding ₹2,500.",delhi,maintenance,above_3500,market_convention,Caution,synthetic_augmented_v2,Ambiguity over who pays for a repair is a practical dispute risk even when it is not itself a statutory violation.,">₹30,000",market_deviation,False
DEL-MR-017-V2,Emergency repairs may be undertaken without prior consent where delay could cause material damage.,delhi,maintenance,le_3500,general_law,Safe,synthetic_augmented_v2,"Clear allocation between ordinary maintenance, tenant-caused damage, and structural repairs reduces dispute risk.","≤₹3,500",general_law,False
DEL-MR-018-V2,Landlord shall not charge the tenant for ordinary ageing of fixtures.,delhi,maintenance,above_3500,market_convention,Caution,synthetic_augmented_v2,The clause is primarily contractual and should be read with the property's condition and agreement.,"₹3,501–₹15,000",contractual,False
DEL-MR-019-V2,"Tenant shall replace all light bulbs, regardless of whether failure results from normal use.",delhi,maintenance,above_3500,statutory,High Risk,synthetic_augmented_v2,A blanket transfer of all structural or major repair costs to the tenant can create substantial contractual risk.,"₹15,001–₹30,000",statutory,True
DEL-MR-020-V2,Building-wide maintenance shall be allocated according to the agreed monthly maintenance schedule.,delhi,maintenance,above_3500,market_convention,Caution,synthetic_augmented_v2,Ambiguity over who pays for a repair is a practical dispute risk even when it is not itself a statutory violation.,">₹30,000",market_deviation,False
DEL-MR-021-V2,Tenant shall not engage an unlicensed contractor for electrical or gas-related work.,delhi,maintenance,le_3500,general_law,Safe,synthetic_augmented_v2,"Clear allocation between ordinary maintenance, tenant-caused damage, and structural repairs reduces dispute risk.","≤₹3,500",general_law,False
DEL-MR-022-V2,Landlord may deduct repair costs from the deposit only where the damage is attributable to the tenant.,delhi,maintenance,above_3500,market_convention,Caution,synthetic_augmented_v2,The clause is primarily contractual and should be read with the property's condition and agreement.,"₹3,501–₹15,000",contractual,False
DEL-MR-023-V2,"Tenant is responsible for routine pest-control treatment caused by tenant housekeeping, while structural infestation remains the landlord's responsibility.",delhi,maintenance,above_3500,statutory,High Risk,synthetic_augmented_v2,A blanket transfer of all structural or major repair costs to the tenant can create substantial contractual risk.,"₹15,001–₹30,000",statutory,True
DEL-MR-024-V2,Any maintenance dispute shall be documented with photographs and invoices before a deposit deduction is made.,delhi,maintenance,above_3500,market_convention,Caution,synthetic_augmented_v2,Ambiguity over who pays for a repair is a practical dispute risk even when it is not itself a statutory violation.,">₹30,000",market_deviation,False
DEL-MR-025-V2,Landlord shall repair major water seepage within a reasonable period after receiving written notice.,delhi,maintenance,le_3500,general_law,Safe,synthetic_augmented_v2,"Clear allocation between ordinary maintenance, tenant-caused damage, and structural repairs reduces dispute risk.","≤₹3,500",general_law,False
DEL-MR-026-V2,Tenant shall not make structural alterations without prior written permission.,delhi,maintenance,above_3500,market_convention,Caution,synthetic_augmented_v2,The clause is primarily contractual and should be read with the property's condition and agreement.,"₹3,501–₹15,000",contractual,False
DEL-MR-027-V2,Routine servicing of landlord-owned appliances shall be the landlord's responsibility unless damage was caused by misuse.,delhi,maintenance,above_3500,statutory,High Risk,synthetic_augmented_v2,A blanket transfer of all structural or major repair costs to the tenant can create substantial contractual risk.,"₹15,001–₹30,000",statutory,True
DEL-MR-028-V2,Tenant shall pay for locksmith services where keys are lost due to tenant negligence.,delhi,maintenance,above_3500,market_convention,Caution,synthetic_augmented_v2,Ambiguity over who pays for a repair is a practical dispute risk even when it is not itself a statutory violation.,">₹30,000",market_deviation,False
DEL-MR-029-V2,Landlord may recover actual costs of repairs caused by the tenant but shall not impose an unrelated penalty.,delhi,maintenance,le_3500,general_law,Safe,synthetic_augmented_v2,"Clear allocation between ordinary maintenance, tenant-caused damage, and structural repairs reduces dispute risk.","≤₹3,500",general_law,False
DEL-MR-030-V2,Maintenance responsibility for the washing machine is not specified in the agreement.,delhi,maintenance,above_3500,market_convention,Caution,synthetic_augmented_v2,The clause is primarily contractual and should be read with the property's condition and agreement.,"₹3,501–₹15,000",contractual,False
DEL-MR-031-V2,Tenant shall allow access for necessary repairs after reasonable advance notice.,delhi,maintenance,above_3500,statutory,High Risk,synthetic_augmented_v2,A blanket transfer of all structural or major repair costs to the tenant can create substantial contractual risk.,"₹15,001–₹30,000",statutory,True
DEL-MR-032-V2,"Landlord shall maintain common areas, while tenant shall maintain the leased interior.",delhi,maintenance,above_3500,market_convention,Caution,synthetic_augmented_v2,Ambiguity over who pays for a repair is a practical dispute risk even when it is not itself a statutory violation.,">₹30,000",market_deviation,False
DEL-MR-033-V2,"Tenant shall bear every maintenance expense, including structural repairs, irrespective of cause.",delhi,maintenance,le_3500,general_law,Safe,synthetic_augmented_v2,"Clear allocation between ordinary maintenance, tenant-caused damage, and structural repairs reduces dispute risk.","≤₹3,500",general_law,False
DEL-MR-034-V2,Emergency access is permitted where immediate entry is reasonably necessary to prevent serious property damage.,delhi,maintenance,above_3500,market_convention,Caution,synthetic_augmented_v2,The clause is primarily contractual and should be read with the property's condition and agreement.,"₹3,501–₹15,000",contractual,False
DEL-MR-035-V2,Landlord shall provide receipts for reimbursable maintenance expenses requested from the tenant.,delhi,maintenance,above_3500,statutory,High Risk,synthetic_augmented_v2,A blanket transfer of all structural or major repair costs to the tenant can create substantial contractual risk.,"₹15,001–₹30,000",statutory,True
DEL-RE-001-V2,Rent shall remain unchanged for the first twelve months of the tenancy.,delhi,rent_escalation,le_3500,statutory,Safe,synthetic_augmented_v2,A defined escalation formula with an effective date and notice mechanism is comparatively clear.,"≤₹3,500",statutory,False
DEL-RE-002-V2,"After every three-year period, rent may be increased by ten per cent by written notice.",delhi,rent_escalation,above_3500,market_convention,Caution,synthetic_augmented_v2,"For DRCA-covered premises, the statutory regime must be checked before applying a contractual escalation.","₹3,501–₹15,000",contractual,False
DEL-RE-003-V2,Rent shall increase by five per cent on each anniversary of the agreement.,delhi,rent_escalation,above_3500,general_law,High Risk,synthetic_augmented_v2,"For premises outside that regime, the amount may be contractual or a market outlier rather than automatically unlawful.","₹15,001–₹30,000",general_law,False
DEL-RE-004-V2,Landlord may increase rent by any amount whenever local market rents rise.,delhi,rent_escalation,above_3500,market_convention,Caution,synthetic_augmented_v2,Undefined market-linked escalation creates uncertainty because the calculation method is not objectively stated.,">₹30,000",market_deviation,False
DEL-RE-005-V2,Any rent revision must be recorded in a written amendment signed by both parties.,delhi,rent_escalation,le_3500,statutory,Safe,synthetic_augmented_v2,A defined escalation formula with an effective date and notice mechanism is comparatively clear.,"≤₹3,500",statutory,False
DEL-RE-006-V2,"Rent shall increase by ₹2,000 per month beginning on the second anniversary.",delhi,rent_escalation,above_3500,market_convention,Caution,synthetic_augmented_v2,"For DRCA-covered premises, the statutory regime must be checked before applying a contractual escalation.","₹3,501–₹15,000",contractual,False
DEL-RE-007-V2,The escalation percentage is capped at eight per cent per year.,delhi,rent_escalation,above_3500,general_law,High Risk,synthetic_augmented_v2,"For premises outside that regime, the amount may be contractual or a market outlier rather than automatically unlawful.","₹15,001–₹30,000",general_law,False
DEL-RE-008-V2,"Rent may be revised after the fixed term expires, subject to the parties' written agreement.",delhi,rent_escalation,above_3500,market_convention,Caution,synthetic_augmented_v2,Undefined market-linked escalation creates uncertainty because the calculation method is not objectively stated.,">₹30,000",market_deviation,False
DEL-RE-009-V2,Landlord shall provide thirty days' written notice of any contractual rent increase.,delhi,rent_escalation,le_3500,statutory,Safe,synthetic_augmented_v2,A defined escalation formula with an effective date and notice mechanism is comparatively clear.,"≤₹3,500",statutory,False
DEL-RE-010-V2,The agreement permits a rent increase but does not state the percentage or effective date.,delhi,rent_escalation,above_3500,market_convention,Caution,synthetic_augmented_v2,"For DRCA-covered premises, the statutory regime must be checked before applying a contractual escalation.","₹3,501–₹15,000",contractual,False
DEL-RE-011-V2,"Rent shall increase automatically by ten per cent every three years, subject to any applicable statutory requirements.",delhi,rent_escalation,above_3500,general_law,High Risk,synthetic_augmented_v2,"For premises outside that regime, the amount may be contractual or a market outlier rather than automatically unlawful.","₹15,001–₹30,000",general_law,False
DEL-RE-012-V2,No rent increase shall take effect during a fixed term unless both parties agree in writing.,delhi,rent_escalation,above_3500,market_convention,Caution,synthetic_augmented_v2,Undefined market-linked escalation creates uncertainty because the calculation method is not objectively stated.,">₹30,000",market_deviation,False
DEL-RE-013-V2,Market-linked escalation shall use the published rental index identified in Schedule B.,delhi,rent_escalation,le_3500,statutory,Safe,synthetic_augmented_v2,A defined escalation formula with an effective date and notice mechanism is comparatively clear.,"≤₹3,500",statutory,False
DEL-RE-014-V2,Rent may be increased after renewal but not retrospectively for months already completed.,delhi,rent_escalation,above_3500,market_convention,Caution,synthetic_augmented_v2,"For DRCA-covered premises, the statutory regime must be checked before applying a contractual escalation.","₹3,501–₹15,000",contractual,False
DEL-RE-015-V2,Any revised rent must be accompanied by an updated payment schedule.,delhi,rent_escalation,above_3500,general_law,High Risk,synthetic_augmented_v2,"For premises outside that regime, the amount may be contractual or a market outlier rather than automatically unlawful.","₹15,001–₹30,000",general_law,False
DEL-RE-016-V2,"Landlord may impose an additional monthly charge whenever society maintenance rises, without changing the stated rent.",delhi,rent_escalation,above_3500,market_convention,Caution,synthetic_augmented_v2,Undefined market-linked escalation creates uncertainty because the calculation method is not objectively stated.,">₹30,000",market_deviation,False
DEL-RE-017-V2,Rent shall rise by three per cent after the first year and six per cent after the second year.,delhi,rent_escalation,le_3500,statutory,Safe,synthetic_augmented_v2,A defined escalation formula with an effective date and notice mechanism is comparatively clear.,"≤₹3,500",statutory,False
DEL-RE-018-V2,"The parties may renegotiate rent at renewal, but neither party is bound to accept a proposed amount.",delhi,rent_escalation,above_3500,market_convention,Caution,synthetic_augmented_v2,"For DRCA-covered premises, the statutory regime must be checked before applying a contractual escalation.","₹3,501–₹15,000",contractual,False
DEL-RE-019-V2,Rent escalation is suspended while the landlord is in material breach of essential repair obligations.,delhi,rent_escalation,above_3500,general_law,High Risk,synthetic_augmented_v2,"For premises outside that regime, the amount may be contractual or a market outlier rather than automatically unlawful.","₹15,001–₹30,000",general_law,False
DEL-RE-020-V2,"Any escalation notice shall state the old rent, revised rent, percentage change, and effective date.",delhi,rent_escalation,above_3500,market_convention,Caution,synthetic_augmented_v2,Undefined market-linked escalation creates uncertainty because the calculation method is not objectively stated.,">₹30,000",market_deviation,False
DEL-RE-021-V2,Rent shall be revised to the prevailing market rate at the landlord's sole discretion.,delhi,rent_escalation,le_3500,statutory,Safe,synthetic_augmented_v2,A defined escalation formula with an effective date and notice mechanism is comparatively clear.,"≤₹3,500",statutory,False
DEL-RE-022-V2,The annual escalation applies only after the tenant has completed the initial lock-in.,delhi,rent_escalation,above_3500,market_convention,Caution,synthetic_augmented_v2,"For DRCA-covered premises, the statutory regime must be checked before applying a contractual escalation.","₹3,501–₹15,000",contractual,False
DEL-RE-023-V2,"Rent shall be increased by ten per cent once every three years, with the contractual notice mechanism preserved.",delhi,rent_escalation,above_3500,general_law,High Risk,synthetic_augmented_v2,"For premises outside that regime, the amount may be contractual or a market outlier rather than automatically unlawful.","₹15,001–₹30,000",general_law,False
DEL-RE-024-V2,Any increase in rent must comply with the tenancy regime applicable to the premises at the relevant time.,delhi,rent_escalation,above_3500,market_convention,Caution,synthetic_augmented_v2,Undefined market-linked escalation creates uncertainty because the calculation method is not objectively stated.,">₹30,000",market_deviation,False
DEL-RE-025-V2,"Rent shall increase by ₹5,000 after renewal regardless of the rent then being paid.",delhi,rent_escalation,le_3500,statutory,Safe,synthetic_augmented_v2,A defined escalation formula with an effective date and notice mechanism is comparatively clear.,"≤₹3,500",statutory,False
DEL-RE-026-V2,An escalation clause shall not permit a retrospective demand for increases from prior months.,delhi,rent_escalation,above_3500,market_convention,Caution,synthetic_augmented_v2,"For DRCA-covered premises, the statutory regime must be checked before applying a contractual escalation.","₹3,501–₹15,000",contractual,False
DEL-RE-027-V2,The landlord may propose a rent increase at renewal and the tenant may accept or reject it.,delhi,rent_escalation,above_3500,general_law,High Risk,synthetic_augmented_v2,"For premises outside that regime, the amount may be contractual or a market outlier rather than automatically unlawful.","₹15,001–₹30,000",general_law,False
DEL-RE-028-V2,Rent remains fixed unless the agreement is renewed for another term.,delhi,rent_escalation,above_3500,market_convention,Caution,synthetic_augmented_v2,Undefined market-linked escalation creates uncertainty because the calculation method is not objectively stated.,">₹30,000",market_deviation,False
DEL-RE-029-V2,An escalation clause tied to an undefined 'market rate' requires clarification before it can be applied reliably.,delhi,rent_escalation,le_3500,statutory,Safe,synthetic_augmented_v2,A defined escalation formula with an effective date and notice mechanism is comparatively clear.,"≤₹3,500",statutory,False
DEL-RE-030-V2,"Rent shall increase by six per cent annually, provided the tenant receives written notice before the increase takes effect.",delhi,rent_escalation,above_3500,market_convention,Caution,synthetic_augmented_v2,"For DRCA-covered premises, the statutory regime must be checked before applying a contractual escalation.","₹3,501–₹15,000",contractual,False
DEL-RE-031-V2,Any rent increase must be reflected in receipts issued after the effective date.,delhi,rent_escalation,above_3500,general_law,High Risk,synthetic_augmented_v2,"For premises outside that regime, the amount may be contractual or a market outlier rather than automatically unlawful.","₹15,001–₹30,000",general_law,False
DEL-RE-032-V2,Landlord may increase rent immediately upon a change in ownership of the property.,delhi,rent_escalation,above_3500,market_convention,Caution,synthetic_augmented_v2,Undefined market-linked escalation creates uncertainty because the calculation method is not objectively stated.,">₹30,000",market_deviation,False
DEL-RE-033-V2,"Rent escalation shall not be confused with separate, documented reimbursement of agreed utility charges.",delhi,rent_escalation,le_3500,statutory,Safe,synthetic_augmented_v2,A defined escalation formula with an effective date and notice mechanism is comparatively clear.,"≤₹3,500",statutory,False
DEL-RE-034-V2,The parties agree that the escalation formula in Schedule A forms part of the tenancy agreement.,delhi,rent_escalation,above_3500,market_convention,Caution,synthetic_augmented_v2,"For DRCA-covered premises, the statutory regime must be checked before applying a contractual escalation.","₹3,501–₹15,000",contractual,False
DEL-RE-035-V2,"Rent increases shall be calculated from the immediately preceding rent, not the original rent.",delhi,rent_escalation,above_3500,general_law,High Risk,synthetic_augmented_v2,"For premises outside that regime, the amount may be contractual or a market outlier rather than automatically unlawful.","₹15,001–₹30,000",general_law,False
DEL-TE-001-V2,Landlord may recover possession only in accordance with the agreement and applicable law.,delhi,termination_eviction,le_3500,statutory,Safe,synthetic_augmented_v2,"Possession clauses should be evaluated against the applicable legal process, not only the contract wording.","≤₹3,500",statutory,False
DEL-TE-002-V2,Tenant shall hand over vacant possession on the agreed expiry date unless the tenancy is renewed.,delhi,termination_eviction,above_3500,general_law,Caution,synthetic_augmented_v2,"Self-help eviction, lock changes, or utility disconnection to force vacating create serious legal and practical risk.","₹3,501–₹15,000",general_law,False
DEL-TE-003-V2,Landlord may change the locks immediately if rent is unpaid for seven days.,delhi,termination_eviction,above_3500,market_convention,High Risk,synthetic_augmented_v2,"A lawful termination mechanism is safer when it identifies grounds, notice, and handover procedure.","₹15,001–₹30,000",contractual,False
DEL-TE-004-V2,Tenant shall not be removed from the premises by self-help measures.,delhi,termination_eviction,above_3500,market_convention,Caution,synthetic_augmented_v2,The exact effect depends on whether the premises fall within a special rent-control regime.,">₹30,000",market_deviation,False
DEL-TE-005-V2,Any recovery of possession shall follow the legal process applicable to the tenancy.,delhi,termination_eviction,le_3500,statutory,Safe,synthetic_augmented_v2,"Possession clauses should be evaluated against the applicable legal process, not only the contract wording.","≤₹3,500",statutory,False
DEL-TE-006-V2,Landlord may terminate for material non-payment after giving the tenant the contractual cure period.,delhi,termination_eviction,above_3500,general_law,Caution,synthetic_augmented_v2,"Self-help eviction, lock changes, or utility disconnection to force vacating create serious legal and practical risk.","₹3,501–₹15,000",general_law,False
DEL-TE-007-V2,Tenant shall vacate immediately upon receiving an oral demand from the landlord.,delhi,termination_eviction,above_3500,market_convention,High Risk,synthetic_augmented_v2,"A lawful termination mechanism is safer when it identifies grounds, notice, and handover procedure.","₹15,001–₹30,000",contractual,False
DEL-TE-008-V2,Landlord may enter and remove the tenant's belongings after termination without court involvement.,delhi,termination_eviction,above_3500,market_convention,Caution,synthetic_augmented_v2,The exact effect depends on whether the premises fall within a special rent-control regime.,">₹30,000",market_deviation,False
DEL-TE-009-V2,Possession shall be handed over against a signed handover record.,delhi,termination_eviction,le_3500,statutory,Safe,synthetic_augmented_v2,"Possession clauses should be evaluated against the applicable legal process, not only the contract wording.","≤₹3,500",statutory,False
DEL-TE-010-V2,"Where a material breach is capable of remedy, the tenant shall receive a reasonable opportunity to cure it.",delhi,termination_eviction,above_3500,general_law,Caution,synthetic_augmented_v2,"Self-help eviction, lock changes, or utility disconnection to force vacating create serious legal and practical risk.","₹3,501–₹15,000",general_law,False
DEL-TE-011-V2,Landlord may terminate the agreement if the premises are used for an expressly prohibited purpose.,delhi,termination_eviction,above_3500,market_convention,High Risk,synthetic_augmented_v2,"A lawful termination mechanism is safer when it identifies grounds, notice, and handover procedure.","₹15,001–₹30,000",contractual,False
DEL-TE-012-V2,Tenant's belongings remaining after handover shall be handled according to the agreed procedure and applicable law.,delhi,termination_eviction,above_3500,market_convention,Caution,synthetic_augmented_v2,The exact effect depends on whether the premises fall within a special rent-control regime.,">₹30,000",market_deviation,False
DEL-TE-013-V2,Landlord may disconnect essential utilities to compel the tenant to vacate.,delhi,termination_eviction,le_3500,statutory,Safe,synthetic_augmented_v2,"Possession clauses should be evaluated against the applicable legal process, not only the contract wording.","≤₹3,500",statutory,False
DEL-TE-014-V2,Termination shall not extinguish accrued payment or repair obligations that survive under the agreement.,delhi,termination_eviction,above_3500,general_law,Caution,synthetic_augmented_v2,"Self-help eviction, lock changes, or utility disconnection to force vacating create serious legal and practical risk.","₹3,501–₹15,000",general_law,False
DEL-TE-015-V2,"The tenant shall return all keys, access cards, and remote controls at handover.",delhi,termination_eviction,above_3500,market_convention,High Risk,synthetic_augmented_v2,"A lawful termination mechanism is safer when it identifies grounds, notice, and handover procedure.","₹15,001–₹30,000",contractual,False
DEL-TE-016-V2,Landlord may seek recovery of possession on grounds recognized by the applicable statutory regime.,delhi,termination_eviction,above_3500,market_convention,Caution,synthetic_augmented_v2,The exact effect depends on whether the premises fall within a special rent-control regime.,">₹30,000",market_deviation,False
DEL-TE-017-V2,The agreement provides no procedure for disputes about the date on which possession was actually delivered.,delhi,termination_eviction,le_3500,statutory,Safe,synthetic_augmented_v2,"Possession clauses should be evaluated against the applicable legal process, not only the contract wording.","≤₹3,500",statutory,False
DEL-TE-018-V2,"Landlord may terminate immediately for any breach, including a minor housekeeping violation.",delhi,termination_eviction,above_3500,general_law,Caution,synthetic_augmented_v2,"Self-help eviction, lock changes, or utility disconnection to force vacating create serious legal and practical risk.","₹3,501–₹15,000",general_law,False
DEL-TE-019-V2,Tenant may challenge a disputed termination through the dispute-resolution mechanism stated in the agreement.,delhi,termination_eviction,above_3500,market_convention,High Risk,synthetic_augmented_v2,"A lawful termination mechanism is safer when it identifies grounds, notice, and handover procedure.","₹15,001–₹30,000",contractual,False
DEL-TE-020-V2,Possession shall be considered delivered only after both parties sign the inspection report.,delhi,termination_eviction,above_3500,market_convention,Caution,synthetic_augmented_v2,The exact effect depends on whether the premises fall within a special rent-control regime.,">₹30,000",market_deviation,False
DEL-TE-021-V2,Landlord may remove a tenant's belongings if rent is unpaid for fifteen days.,delhi,termination_eviction,le_3500,statutory,Safe,synthetic_augmented_v2,"Possession clauses should be evaluated against the applicable legal process, not only the contract wording.","≤₹3,500",statutory,False
DEL-TE-022-V2,The agreement distinguishes expiry of the contractual term from legal grounds for recovery of possession.,delhi,termination_eviction,above_3500,general_law,Caution,synthetic_augmented_v2,"Self-help eviction, lock changes, or utility disconnection to force vacating create serious legal and practical risk.","₹3,501–₹15,000",general_law,False
DEL-TE-023-V2,Tenant shall remain in possession until lawful termination and completion of the agreed handover process.,delhi,termination_eviction,above_3500,market_convention,High Risk,synthetic_augmented_v2,"A lawful termination mechanism is safer when it identifies grounds, notice, and handover procedure.","₹15,001–₹30,000",contractual,False
DEL-TE-024-V2,Landlord may recover documented unpaid rent separately from seeking possession where permitted by law.,delhi,termination_eviction,above_3500,market_convention,Caution,synthetic_augmented_v2,The exact effect depends on whether the premises fall within a special rent-control regime.,">₹30,000",market_deviation,False
DEL-TE-025-V2,Termination for unauthorized subletting is subject to the terms of the agreement and applicable law.,delhi,termination_eviction,le_3500,statutory,Safe,synthetic_augmented_v2,"Possession clauses should be evaluated against the applicable legal process, not only the contract wording.","≤₹3,500",statutory,False
DEL-TE-026-V2,The landlord's right to recover possession is stated without identifying the grounds or procedure.,delhi,termination_eviction,above_3500,general_law,Caution,synthetic_augmented_v2,"Self-help eviction, lock changes, or utility disconnection to force vacating create serious legal and practical risk.","₹3,501–₹15,000",general_law,False
DEL-TE-027-V2,Tenant shall not obstruct a lawful handover inspection.,delhi,termination_eviction,above_3500,market_convention,High Risk,synthetic_augmented_v2,"A lawful termination mechanism is safer when it identifies grounds, notice, and handover procedure.","₹15,001–₹30,000",contractual,False
DEL-TE-028-V2,Landlord may take possession on the last day of the term provided the tenant has vacated voluntarily.,delhi,termination_eviction,above_3500,market_convention,Caution,synthetic_augmented_v2,The exact effect depends on whether the premises fall within a special rent-control regime.,">₹30,000",market_deviation,False
DEL-TE-029-V2,Any surrender of the premises before expiry shall be recorded in writing.,delhi,termination_eviction,le_3500,statutory,Safe,synthetic_augmented_v2,"Possession clauses should be evaluated against the applicable legal process, not only the contract wording.","≤₹3,500",statutory,False
DEL-TE-030-V2,Landlord may retain all personal property left behind indefinitely after termination.,delhi,termination_eviction,above_3500,general_law,Caution,synthetic_augmented_v2,"Self-help eviction, lock changes, or utility disconnection to force vacating create serious legal and practical risk.","₹3,501–₹15,000",general_law,False
DEL-TE-031-V2,Tenant shall not be required to sign a blank possession certificate.,delhi,termination_eviction,above_3500,market_convention,High Risk,synthetic_augmented_v2,"A lawful termination mechanism is safer when it identifies grounds, notice, and handover procedure.","₹15,001–₹30,000",contractual,False
DEL-TE-032-V2,Termination shall be effective on the date stated in the written notice unless law requires otherwise.,delhi,termination_eviction,above_3500,market_convention,Caution,synthetic_augmented_v2,The exact effect depends on whether the premises fall within a special rent-control regime.,">₹30,000",market_deviation,False
DEL-TE-033-V2,Landlord may seek appropriate legal remedies for material breach rather than using force or lockout.,delhi,termination_eviction,le_3500,statutory,Safe,synthetic_augmented_v2,"Possession clauses should be evaluated against the applicable legal process, not only the contract wording.","≤₹3,500",statutory,False
DEL-TE-034-V2,"At expiry, the parties shall document meter readings and condition of the premises.",delhi,termination_eviction,above_3500,general_law,Caution,synthetic_augmented_v2,"Self-help eviction, lock changes, or utility disconnection to force vacating create serious legal and practical risk.","₹3,501–₹15,000",general_law,False
DEL-TE-035-V2,An eviction clause that permits physical removal without legal process creates a serious risk and should be reviewed.,delhi,termination_eviction,above_3500,market_convention,High Risk,synthetic_augmented_v2,"A lawful termination mechanism is safer when it identifies grounds, notice, and handover procedure.","₹15,001–₹30,000",contractual,False
DEL-RP-001-V2,Monthly rent shall be paid by bank transfer on or before the fifth day of each month.,delhi,rent_payment,le_3500,general_law,Safe,synthetic_augmented_v2,"Clear due dates, payment channels, and receipts reduce payment disputes.","≤₹3,500",general_law,False
DEL-RP-002-V2,Landlord shall provide a receipt or electronic acknowledgement for rent received.,delhi,rent_payment,above_3500,market_convention,Caution,synthetic_augmented_v2,The payment mechanism is mainly contractual but should preserve reliable evidence of payment.,"₹3,501–₹15,000",contractual,False
DEL-RP-003-V2,Rent paid after the due date shall attract the late charge stated in Schedule A.,delhi,rent_payment,above_3500,statutory,High Risk,synthetic_augmented_v2,Unreceipted cash demands or unilateral payment changes create avoidable evidentiary and dispute risk.,"₹15,001–₹30,000",statutory,True
DEL-RP-004-V2,Tenant may request bank details in writing before making the first payment.,delhi,rent_payment,above_3500,market_convention,Caution,synthetic_augmented_v2,"The applicable statutory regime may affect consequences of non-payment, so the rent bracket matters.",">₹30,000",market_deviation,False
DEL-RP-005-V2,Rent shall be considered paid when the electronic transfer is successfully credited.,delhi,rent_payment,le_3500,general_law,Safe,synthetic_augmented_v2,"Clear due dates, payment channels, and receipts reduce payment disputes.","≤₹3,500",general_law,False
DEL-RP-006-V2,Landlord may refuse to acknowledge rent payments made by bank transfer.,delhi,rent_payment,above_3500,market_convention,Caution,synthetic_augmented_v2,The payment mechanism is mainly contractual but should preserve reliable evidence of payment.,"₹3,501–₹15,000",contractual,False
DEL-RP-007-V2,"Tenant shall pay rent in cash only, without any receipt being issued.",delhi,rent_payment,above_3500,statutory,High Risk,synthetic_augmented_v2,Unreceipted cash demands or unilateral payment changes create avoidable evidentiary and dispute risk.,"₹15,001–₹30,000",statutory,True
DEL-RP-008-V2,Rent shall be payable monthly in advance unless the parties agree otherwise in writing.,delhi,rent_payment,above_3500,market_convention,Caution,synthetic_augmented_v2,"The applicable statutory regime may affect consequences of non-payment, so the rent bracket matters.",">₹30,000",market_deviation,False
DEL-RP-009-V2,Any change in the designated payment account must be communicated in writing.,delhi,rent_payment,le_3500,general_law,Safe,synthetic_augmented_v2,"Clear due dates, payment channels, and receipts reduce payment disputes.","≤₹3,500",general_law,False
DEL-RP-010-V2,"Tenant may retain evidence of payment, including bank transaction records.",delhi,rent_payment,above_3500,market_convention,Caution,synthetic_augmented_v2,The payment mechanism is mainly contractual but should preserve reliable evidence of payment.,"₹3,501–₹15,000",contractual,False
DEL-RP-011-V2,Late payment charges shall apply only after the contractual grace period expires.,delhi,rent_payment,above_3500,statutory,High Risk,synthetic_augmented_v2,Unreceipted cash demands or unilateral payment changes create avoidable evidentiary and dispute risk.,"₹15,001–₹30,000",statutory,True
DEL-RP-012-V2,Landlord may demand rent for a month that has already been paid without providing an account statement.,delhi,rent_payment,above_3500,market_convention,Caution,synthetic_augmented_v2,"The applicable statutory regime may affect consequences of non-payment, so the rent bracket matters.",">₹30,000",market_deviation,False
DEL-RP-013-V2,"Rent shall be rounded upward to the nearest ₹1,000 each month.",delhi,rent_payment,le_3500,general_law,Safe,synthetic_augmented_v2,"Clear due dates, payment channels, and receipts reduce payment disputes.","≤₹3,500",general_law,False
DEL-RP-014-V2,Payment shall be made to the landlord or an expressly authorized property manager.,delhi,rent_payment,above_3500,market_convention,Caution,synthetic_augmented_v2,The payment mechanism is mainly contractual but should preserve reliable evidence of payment.,"₹3,501–₹15,000",contractual,False
DEL-RP-015-V2,The agreement states a due date but does not identify the payment method.,delhi,rent_payment,above_3500,statutory,High Risk,synthetic_augmented_v2,Unreceipted cash demands or unilateral payment changes create avoidable evidentiary and dispute risk.,"₹15,001–₹30,000",statutory,True
DEL-RP-016-V2,Tenant shall pay rent and separately identified utility reimbursements under the payment schedule.,delhi,rent_payment,above_3500,market_convention,Caution,synthetic_augmented_v2,"The applicable statutory regime may affect consequences of non-payment, so the rent bracket matters.",">₹30,000",market_deviation,False
DEL-RP-017-V2,Any disputed payment shall be reconciled against the parties' bank records.,delhi,rent_payment,le_3500,general_law,Safe,synthetic_augmented_v2,"Clear due dates, payment channels, and receipts reduce payment disputes.","≤₹3,500",general_law,False
DEL-RP-018-V2,Landlord shall not treat a payment as unpaid merely because the receipt was delayed.,delhi,rent_payment,above_3500,market_convention,Caution,synthetic_augmented_v2,The payment mechanism is mainly contractual but should preserve reliable evidence of payment.,"₹3,501–₹15,000",contractual,False
DEL-RP-019-V2,"Rent may be paid through electronic transfer, cheque, or another mutually agreed method.",delhi,rent_payment,above_3500,statutory,High Risk,synthetic_augmented_v2,Unreceipted cash demands or unilateral payment changes create avoidable evidentiary and dispute risk.,"₹15,001–₹30,000",statutory,True
DEL-RP-020-V2,Tenant shall pay a fixed processing fee for every rent payment.,delhi,rent_payment,above_3500,market_convention,Caution,synthetic_augmented_v2,"The applicable statutory regime may affect consequences of non-payment, so the rent bracket matters.",">₹30,000",market_deviation,False
DEL-RP-021-V2,Landlord shall issue a written statement of outstanding rent upon request.,delhi,rent_payment,le_3500,general_law,Safe,synthetic_augmented_v2,"Clear due dates, payment channels, and receipts reduce payment disputes.","≤₹3,500",general_law,False
DEL-RP-022-V2,Rent received shall first be allocated according to the payment allocation clause in the agreement.,delhi,rent_payment,above_3500,market_convention,Caution,synthetic_augmented_v2,The payment mechanism is mainly contractual but should preserve reliable evidence of payment.,"₹3,501–₹15,000",contractual,False
DEL-RP-023-V2,Tenant shall not be charged twice for the same billing period.,delhi,rent_payment,above_3500,statutory,High Risk,synthetic_augmented_v2,Unreceipted cash demands or unilateral payment changes create avoidable evidentiary and dispute risk.,"₹15,001–₹30,000",statutory,True
DEL-RP-024-V2,The rent due date shall remain unchanged unless amended in writing.,delhi,rent_payment,above_3500,market_convention,Caution,synthetic_augmented_v2,"The applicable statutory regime may affect consequences of non-payment, so the rent bracket matters.",">₹30,000",market_deviation,False
DEL-RP-025-V2,"Where the bank transfer fails, tenant shall promptly arrange an alternative payment method.",delhi,rent_payment,le_3500,general_law,Safe,synthetic_augmented_v2,"Clear due dates, payment channels, and receipts reduce payment disputes.","≤₹3,500",general_law,False
DEL-RP-026,Landlord may revise the rent due date by unilateral notice at any time.,delhi,rent_payment,above_3500,market_convention,Caution,synthetic_augmented_v2,The payment mechanism is mainly contractual but should preserve reliable evidence of payment.,"₹3,501–₹15,000",contractual,False
DEL-RP-027,Rent receipts shall identify the month to which the payment relates.,delhi,rent_payment,above_3500,statutory,High Risk,synthetic_augmented_v2,Unreceipted cash demands or unilateral payment changes create avoidable evidentiary and dispute risk.,"₹15,001–₹30,000",statutory,True
DEL-RP-028,Any advance rent shall be separately recorded from the refundable security deposit.,delhi,rent_payment,above_3500,market_convention,Caution,synthetic_augmented_v2,"The applicable statutory regime may affect consequences of non-payment, so the rent bracket matters.",">₹30,000",market_deviation,False
DEL-RP-029,Tenant shall retain proof of each payment until the tenancy ends.,delhi,rent_payment,le_3500,general_law,Safe,synthetic_augmented_v2,"Clear due dates, payment channels, and receipts reduce payment disputes.","≤₹3,500",general_law,False
DEL-RP-030,The landlord may impose an unspecified administrative fee for late rent.,delhi,rent_payment,above_3500,market_convention,Caution,synthetic_augmented_v2,The payment mechanism is mainly contractual but should preserve reliable evidence of payment.,"₹3,501–₹15,000",contractual,False
DEL-RP-031,Rent shall be payable in advance for each calendar month.,delhi,rent_payment,above_3500,statutory,High Risk,synthetic_augmented_v2,Unreceipted cash demands or unilateral payment changes create avoidable evidentiary and dispute risk.,"₹15,001–₹30,000",statutory,True
DEL-RP-032,The agreement permits cash payment but requires a signed receipt.,delhi,rent_payment,above_3500,market_convention,Caution,synthetic_augmented_v2,"The applicable statutory regime may affect consequences of non-payment, so the rent bracket matters.",">₹30,000",market_deviation,False
DEL-RP-033,Tenant shall not deduct maintenance expenses from rent unless expressly authorized under the agreement.,delhi,rent_payment,le_3500,general_law,Safe,synthetic_augmented_v2,"Clear due dates, payment channels, and receipts reduce payment disputes.","≤₹3,500",general_law,False
DEL-RP-034,Payment disputes shall not automatically alter the contractual due date.,delhi,rent_payment,above_3500,market_convention,Caution,synthetic_augmented_v2,The payment mechanism is mainly contractual but should preserve reliable evidence of payment.,"₹3,501–₹15,000",contractual,False
DEL-RP-035,Any rent concession shall be recorded in writing rather than inferred from informal messages.,delhi,rent_payment,above_3500,statutory,High Risk,synthetic_augmented_v2,Unreceipted cash demands or unilateral payment changes create avoidable evidentiary and dispute risk.,"₹15,001–₹30,000",statutory,True
DEL-LP-001,"Landlord may inspect the premises after giving at least twenty-four hours' notice, except in emergencies.",delhi,landlord_entry_privacy,le_3500,general_law,Safe,synthetic_augmented_v2,Reasonable notice and defined purposes make access provisions clearer.,"≤₹3,500",general_law,False
DEL-LP-002,Tenant shall permit reasonable access for necessary repairs during agreed daytime hours.,delhi,landlord_entry_privacy,above_3500,market_convention,Caution,synthetic_augmented_v2,"Routine access is primarily contractual, while emergency circumstances require separate treatment.","₹3,501–₹15,000",contractual,False
DEL-LP-003,Landlord may enter the premises whenever convenient without informing the tenant.,delhi,landlord_entry_privacy,above_3500,statutory,High Risk,synthetic_augmented_v2,Unrestricted entry or secret access can create serious privacy and possession disputes.,"₹15,001–₹30,000",statutory,True
DEL-LP-004,Property viewings for prospective purchasers shall occur only at mutually reasonable times.,delhi,landlord_entry_privacy,above_3500,market_convention,Caution,synthetic_augmented_v2,"The clause should be assessed together with the agreement's access, repair, and emergency provisions.",">₹30,000",market_deviation,False
DEL-LP-005,Emergency entry is permitted where immediate access is reasonably necessary to prevent serious damage.,delhi,landlord_entry_privacy,le_3500,general_law,Safe,synthetic_augmented_v2,Reasonable notice and defined purposes make access provisions clearer.,"≤₹3,500",general_law,False
DEL-LP-006,Tenant shall receive advance notice of scheduled maintenance visits.,delhi,landlord_entry_privacy,above_3500,market_convention,Caution,synthetic_augmented_v2,"Routine access is primarily contractual, while emergency circumstances require separate treatment.","₹3,501–₹15,000",contractual,False
DEL-LP-007,Landlord may retain a duplicate key but shall not use it for routine entry without notice.,delhi,landlord_entry_privacy,above_3500,statutory,High Risk,synthetic_augmented_v2,Unrestricted entry or secret access can create serious privacy and possession disputes.,"₹15,001–₹30,000",statutory,True
DEL-LP-008,Inspection photographs shall be limited to areas reasonably relevant to the stated inspection.,delhi,landlord_entry_privacy,above_3500,market_convention,Caution,synthetic_augmented_v2,"The clause should be assessed together with the agreement's access, repair, and emergency provisions.",">₹30,000",market_deviation,False
DEL-LP-009,Tenant may request that non-emergency inspections be rescheduled for a reasonable alternative time.,delhi,landlord_entry_privacy,le_3500,general_law,Safe,synthetic_augmented_v2,Reasonable notice and defined purposes make access provisions clearer.,"≤₹3,500",general_law,False
DEL-LP-010,Landlord may enter the bedroom at any time to check cleanliness.,delhi,landlord_entry_privacy,above_3500,market_convention,Caution,synthetic_augmented_v2,"Routine access is primarily contractual, while emergency circumstances require separate treatment.","₹3,501–₹15,000",contractual,False
DEL-LP-011,Access for meter reading shall be arranged with reasonable advance notice.,delhi,landlord_entry_privacy,above_3500,statutory,High Risk,synthetic_augmented_v2,Unrestricted entry or secret access can create serious privacy and possession disputes.,"₹15,001–₹30,000",statutory,True
DEL-LP-012,Contractors appointed by the landlord shall comply with the same access conditions.,delhi,landlord_entry_privacy,above_3500,market_convention,Caution,synthetic_augmented_v2,"The clause should be assessed together with the agreement's access, repair, and emergency provisions.",">₹30,000",market_deviation,False
DEL-LP-013,Landlord may conduct one routine inspection every quarter after giving prior notice.,delhi,landlord_entry_privacy,le_3500,general_law,Safe,synthetic_augmented_v2,Reasonable notice and defined purposes make access provisions clearer.,"≤₹3,500",general_law,False
DEL-LP-014,Tenant shall not unreasonably prevent access needed to address a notified structural defect.,delhi,landlord_entry_privacy,above_3500,market_convention,Caution,synthetic_augmented_v2,"Routine access is primarily contractual, while emergency circumstances require separate treatment.","₹3,501–₹15,000",contractual,False
DEL-LP-015,Access shall be recorded in a maintenance log when contractors enter the premises.,delhi,landlord_entry_privacy,above_3500,statutory,High Risk,synthetic_augmented_v2,Unrestricted entry or secret access can create serious privacy and possession disputes.,"₹15,001–₹30,000",statutory,True
DEL-LP-016,"Landlord may show the premises to prospective tenants during the final thirty days, on reasonable notice.",delhi,landlord_entry_privacy,above_3500,market_convention,Caution,synthetic_augmented_v2,"The clause should be assessed together with the agreement's access, repair, and emergency provisions.",">₹30,000",market_deviation,False
DEL-LP-017,No clause in the agreement authorizes unrestricted entry for personal convenience.,delhi,landlord_entry_privacy,le_3500,general_law,Safe,synthetic_augmented_v2,Reasonable notice and defined purposes make access provisions clearer.,"≤₹3,500",general_law,False
DEL-LP-018,Tenant shall be present for non-emergency inspections unless the tenant agrees otherwise.,delhi,landlord_entry_privacy,above_3500,market_convention,Caution,synthetic_augmented_v2,"Routine access is primarily contractual, while emergency circumstances require separate treatment.","₹3,501–₹15,000",contractual,False
DEL-LP-019,Landlord may enter without notice whenever rent is late by one day.,delhi,landlord_entry_privacy,above_3500,statutory,High Risk,synthetic_augmented_v2,Unrestricted entry or secret access can create serious privacy and possession disputes.,"₹15,001–₹30,000",statutory,True
DEL-LP-020,Access for legal compliance inspections shall be coordinated with the tenant where practicable.,delhi,landlord_entry_privacy,above_3500,market_convention,Caution,synthetic_augmented_v2,"The clause should be assessed together with the agreement's access, repair, and emergency provisions.",">₹30,000",market_deviation,False
DEL-LP-021,Landlord shall not use retained keys to enter secretly.,delhi,landlord_entry_privacy,le_3500,general_law,Safe,synthetic_augmented_v2,Reasonable notice and defined purposes make access provisions clearer.,"≤₹3,500",general_law,False
DEL-LP-022,Inspection notice may be delivered through the agreed electronic communication channel.,delhi,landlord_entry_privacy,above_3500,market_convention,Caution,synthetic_augmented_v2,"Routine access is primarily contractual, while emergency circumstances require separate treatment.","₹3,501–₹15,000",contractual,False
DEL-LP-023,Tenant shall permit access to common service equipment located inside the leased premises.,delhi,landlord_entry_privacy,above_3500,statutory,High Risk,synthetic_augmented_v2,Unrestricted entry or secret access can create serious privacy and possession disputes.,"₹15,001–₹30,000",statutory,True
DEL-LP-024,"Landlord may enter to verify a reported emergency, but routine inspection requires prior notice.",delhi,landlord_entry_privacy,above_3500,market_convention,Caution,synthetic_augmented_v2,"The clause should be assessed together with the agreement's access, repair, and emergency provisions.",">₹30,000",market_deviation,False
DEL-LP-025,Repeated non-emergency entry without notice may create a contractual dispute even if the landlord owns the property.,delhi,landlord_entry_privacy,le_3500,general_law,Safe,synthetic_augmented_v2,Reasonable notice and defined purposes make access provisions clearer.,"≤₹3,500",general_law,False
DEL-LP-026,Property visits shall not unreasonably interfere with the tenant's ordinary use of the premises.,delhi,landlord_entry_privacy,above_3500,market_convention,Caution,synthetic_augmented_v2,"Routine access is primarily contractual, while emergency circumstances require separate treatment.","₹3,501–₹15,000",contractual,False
DEL-LP-027,Tenant may request identification from third-party contractors before allowing non-emergency access.,delhi,landlord_entry_privacy,above_3500,statutory,High Risk,synthetic_augmented_v2,Unrestricted entry or secret access can create serious privacy and possession disputes.,"₹15,001–₹30,000",statutory,True
DEL-LP-028,Landlord shall not authorize prospective purchasers to inspect personal documents left in the premises.,delhi,landlord_entry_privacy,above_3500,market_convention,Caution,synthetic_augmented_v2,"The clause should be assessed together with the agreement's access, repair, and emergency provisions.",">₹30,000",market_deviation,False
DEL-LP-029,"Access terms should distinguish emergency access, repairs, inspection, and marketing visits.",delhi,landlord_entry_privacy,le_3500,general_law,Safe,synthetic_augmented_v2,Reasonable notice and defined purposes make access provisions clearer.,"≤₹3,500",general_law,False
DEL-LP-030,An unrestricted right of entry clause creates substantial privacy and dispute risk.,delhi,landlord_entry_privacy,above_3500,market_convention,Caution,synthetic_augmented_v2,"Routine access is primarily contractual, while emergency circumstances require separate treatment.","₹3,501–₹15,000",contractual,False
DEL-UT-001-V2,Tenant shall pay electricity charges based on the actual meter reading for the leased unit.,delhi,utilities_outgoings,le_3500,general_law,Safe,synthetic_augmented_v2,Actual-consumption billing and documented allocation methods improve transparency.,"≤₹3,500",general_law,False
DEL-UT-002-V2,Landlord shall bear property tax imposed on ownership of the building.,delhi,utilities_outgoings,above_3500,market_convention,Caution,synthetic_augmented_v2,Allocation of utilities and society charges is usually contractual and should be objectively calculable.,"₹3,501–₹15,000",contractual,False
DEL-UT-003-V2,Tenant shall pay water charges attributable to the tenant's consumption.,delhi,utilities_outgoings,above_3500,statutory,High Risk,synthetic_augmented_v2,"Unilateral surcharges, unrelated ownership costs, or utility disconnection create significant risk.","₹15,001–₹30,000",statutory,True
DEL-UT-004-V2,Utility bills shall be shared with the tenant before reimbursement is due.,delhi,utilities_outgoings,above_3500,market_convention,Caution,synthetic_augmented_v2,The precise legal treatment depends on the charge and the applicable agreement or law.,">₹30,000",market_deviation,False
DEL-UT-005-V2,Society charges shall be allocated according to the schedule attached to the agreement.,delhi,utilities_outgoings,le_3500,general_law,Safe,synthetic_augmented_v2,Actual-consumption billing and documented allocation methods improve transparency.,"≤₹3,500",general_law,False
DEL-UT-006-V2,Landlord may add an undefined utility surcharge whenever building expenses increase.,delhi,utilities_outgoings,above_3500,market_convention,Caution,synthetic_augmented_v2,Allocation of utilities and society charges is usually contractual and should be objectively calculable.,"₹3,501–₹15,000",contractual,False
DEL-UT-007-V2,Tenant shall pay all electricity charges even if the meter records consumption for another unit.,delhi,utilities_outgoings,above_3500,statutory,High Risk,synthetic_augmented_v2,"Unilateral surcharges, unrelated ownership costs, or utility disconnection create significant risk.","₹15,001–₹30,000",statutory,True
DEL-UT-008-V2,Any shared utility shall be apportioned using the formula stated in Schedule C.,delhi,utilities_outgoings,above_3500,market_convention,Caution,synthetic_augmented_v2,The precise legal treatment depends on the charge and the applicable agreement or law.,">₹30,000",market_deviation,False
DEL-UT-009-V2,Landlord shall not charge the tenant for the owner's income or property-related taxes unless expressly permitted and legally recoverable.,delhi,utilities_outgoings,le_3500,general_law,Safe,synthetic_augmented_v2,Actual-consumption billing and documented allocation methods improve transparency.,"≤₹3,500",general_law,False
DEL-UT-010-V2,Tenant shall reimburse actual utility charges within seven days of receiving supporting bills.,delhi,utilities_outgoings,above_3500,market_convention,Caution,synthetic_augmented_v2,Allocation of utilities and society charges is usually contractual and should be objectively calculable.,"₹3,501–₹15,000",contractual,False
DEL-UT-011-V2,Meter readings shall be recorded at move-in and move-out.,delhi,utilities_outgoings,above_3500,statutory,High Risk,synthetic_augmented_v2,"Unilateral surcharges, unrelated ownership costs, or utility disconnection create significant risk.","₹15,001–₹30,000",statutory,True
DEL-UT-012-V2,Landlord shall maintain the electricity connection in the landlord's name unless the parties agree otherwise.,delhi,utilities_outgoings,above_3500,market_convention,Caution,synthetic_augmented_v2,The precise legal treatment depends on the charge and the applicable agreement or law.,">₹30,000",market_deviation,False
DEL-UT-013-V2,Tenant shall bear internet charges for services requested by the tenant.,delhi,utilities_outgoings,le_3500,general_law,Safe,synthetic_augmented_v2,Actual-consumption billing and documented allocation methods improve transparency.,"≤₹3,500",general_law,False
DEL-UT-014-V2,Water charges shall be allocated according to actual meter readings where a separate meter exists.,delhi,utilities_outgoings,above_3500,market_convention,Caution,synthetic_augmented_v2,Allocation of utilities and society charges is usually contractual and should be objectively calculable.,"₹3,501–₹15,000",contractual,False
DEL-UT-015-V2,Any fixed utility charge must be identified by amount or calculation method.,delhi,utilities_outgoings,above_3500,statutory,High Risk,synthetic_augmented_v2,"Unilateral surcharges, unrelated ownership costs, or utility disconnection create significant risk.","₹15,001–₹30,000",statutory,True
DEL-UT-016-V2,Landlord may disconnect electricity if the tenant disputes a utility bill.,delhi,utilities_outgoings,above_3500,market_convention,Caution,synthetic_augmented_v2,The precise legal treatment depends on the charge and the applicable agreement or law.,">₹30,000",market_deviation,False
DEL-UT-017-V2,Tenant shall not be responsible for charges attributable to periods before possession.,delhi,utilities_outgoings,le_3500,general_law,Safe,synthetic_augmented_v2,Actual-consumption billing and documented allocation methods improve transparency.,"≤₹3,500",general_law,False
DEL-UT-018-V2,Utility deposits paid to service providers shall be separately documented.,delhi,utilities_outgoings,above_3500,market_convention,Caution,synthetic_augmented_v2,Allocation of utilities and society charges is usually contractual and should be objectively calculable.,"₹3,501–₹15,000",contractual,False
DEL-UT-019-V2,Any society fine caused by the tenant's documented violation may be recoverable from the tenant.,delhi,utilities_outgoings,above_3500,statutory,High Risk,synthetic_augmented_v2,"Unilateral surcharges, unrelated ownership costs, or utility disconnection create significant risk.","₹15,001–₹30,000",statutory,True
DEL-UT-020-V2,Landlord shall provide copies of shared utility bills upon request.,delhi,utilities_outgoings,above_3500,market_convention,Caution,synthetic_augmented_v2,The precise legal treatment depends on the charge and the applicable agreement or law.,">₹30,000",market_deviation,False
DEL-UT-021-V2,Tenant shall pay only the portion of a shared charge calculated according to the agreed allocation formula.,delhi,utilities_outgoings,le_3500,general_law,Safe,synthetic_augmented_v2,Actual-consumption billing and documented allocation methods improve transparency.,"≤₹3,500",general_law,False
DEL-UT-022-V2,The agreement does not state who bears municipal water arrears from before the tenancy.,delhi,utilities_outgoings,above_3500,market_convention,Caution,synthetic_augmented_v2,Allocation of utilities and society charges is usually contractual and should be objectively calculable.,"₹3,501–₹15,000",contractual,False
DEL-UT-023-V2,Utility reimbursement shall not be treated as an increase in base rent unless expressly agreed.,delhi,utilities_outgoings,above_3500,statutory,High Risk,synthetic_augmented_v2,"Unilateral surcharges, unrelated ownership costs, or utility disconnection create significant risk.","₹15,001–₹30,000",statutory,True
DEL-UT-024-V2,Landlord shall not shift unrelated ownership expenses to the tenant merely by labeling them maintenance.,delhi,utilities_outgoings,above_3500,market_convention,Caution,synthetic_augmented_v2,The precise legal treatment depends on the charge and the applicable agreement or law.,">₹30,000",market_deviation,False
DEL-UT-025-V2,Final meter readings shall be documented at handover.,delhi,utilities_outgoings,le_3500,general_law,Safe,synthetic_augmented_v2,Actual-consumption billing and documented allocation methods improve transparency.,"≤₹3,500",general_law,False
DEL-UT-026,Tenant shall be responsible for consumption charges incurred during the tenancy.,delhi,utilities_outgoings,above_3500,market_convention,Caution,synthetic_augmented_v2,Allocation of utilities and society charges is usually contractual and should be objectively calculable.,"₹3,501–₹15,000",contractual,False
DEL-UT-027,Any disputed utility amount shall be reconciled against the relevant invoice.,delhi,utilities_outgoings,above_3500,statutory,High Risk,synthetic_augmented_v2,"Unilateral surcharges, unrelated ownership costs, or utility disconnection create significant risk.","₹15,001–₹30,000",statutory,True
DEL-UT-028,Landlord may change the utility allocation formula without tenant consent.,delhi,utilities_outgoings,above_3500,market_convention,Caution,synthetic_augmented_v2,The precise legal treatment depends on the charge and the applicable agreement or law.,">₹30,000",market_deviation,False
DEL-UT-029,"The agreement combines rent, utilities, and maintenance into one amount without explaining the components.",delhi,utilities_outgoings,le_3500,general_law,Safe,synthetic_augmented_v2,Actual-consumption billing and documented allocation methods improve transparency.,"≤₹3,500",general_law,False
DEL-UT-030,Utility charges should be separated clearly enough to determine what the tenant actually owes.,delhi,utilities_outgoings,above_3500,market_convention,Caution,synthetic_augmented_v2,Allocation of utilities and society charges is usually contractual and should be objectively calculable.,"₹3,501–₹15,000",contractual,False
DEL-SU-001-V2,Tenant shall use the premises solely as a private residence.,delhi,subletting,le_3500,market_convention,Safe,synthetic_augmented_v2,Defined permitted use and occupant rules reduce ambiguity.,"≤₹3,500",contractual,False
DEL-SU-002-V2,Tenant may host ordinary short-term guests without treating them as subtenants.,delhi,subletting,above_3500,general_law,Caution,synthetic_augmented_v2,Subletting and assignment consequences depend on the agreement and applicable legal regime.,"₹3,501–₹15,000",general_law,False
DEL-SU-003-V2,Tenant shall not assign or sublet the premises without the landlord's prior written consent.,delhi,subletting,above_3500,statutory,High Risk,synthetic_augmented_v2,Treating every guest as an unauthorized subtenant or imposing undefined restrictions can create dispute risk.,"₹15,001–₹30,000",statutory,True
DEL-SU-004-V2,Consent to a proposed subtenant shall not be unreasonably withheld where the agreement provides otherwise.,delhi,subletting,above_3500,market_convention,Caution,synthetic_augmented_v2,Remote work and family occupancy should be distinguished from transfer of possession.,">₹30,000",market_deviation,False
DEL-SU-005-V2,Tenant may work from home provided the activity does not create a nuisance or change the residential character of the premises.,delhi,subletting,le_3500,market_convention,Safe,synthetic_augmented_v2,Defined permitted use and occupant rules reduce ambiguity.,"≤₹3,500",contractual,False
DEL-SU-006-V2,Commercial use of the premises is prohibited unless expressly approved in writing.,delhi,subletting,above_3500,general_law,Caution,synthetic_augmented_v2,Subletting and assignment consequences depend on the agreement and applicable legal regime.,"₹3,501–₹15,000",general_law,False
DEL-SU-007-V2,Tenant may permit immediate family members to reside at the premises.,delhi,subletting,above_3500,statutory,High Risk,synthetic_augmented_v2,Treating every guest as an unauthorized subtenant or imposing undefined restrictions can create dispute risk.,"₹15,001–₹30,000",statutory,True
DEL-SU-008-V2,Any paying occupant not named in the agreement shall require prior written approval.,delhi,subletting,above_3500,market_convention,Caution,synthetic_augmented_v2,Remote work and family occupancy should be distinguished from transfer of possession.,">₹30,000",market_deviation,False
DEL-SU-009-V2,Landlord may treat any overnight guest as an unauthorized subtenant.,delhi,subletting,le_3500,market_convention,Safe,synthetic_augmented_v2,Defined permitted use and occupant rules reduce ambiguity.,"≤₹3,500",contractual,False
DEL-SU-010-V2,Tenant shall not list the premises for short-term accommodation platforms.,delhi,subletting,above_3500,general_law,Caution,synthetic_augmented_v2,Subletting and assignment consequences depend on the agreement and applicable legal regime.,"₹3,501–₹15,000",general_law,False
DEL-SU-011-V2,Subletting without consent may constitute a contractual breach subject to the agreement and applicable law.,delhi,subletting,above_3500,statutory,High Risk,synthetic_augmented_v2,Treating every guest as an unauthorized subtenant or imposing undefined restrictions can create dispute risk.,"₹15,001–₹30,000",statutory,True
DEL-SU-012-V2,Tenant shall notify the landlord of a change in the ordinary occupants of the premises.,delhi,subletting,above_3500,market_convention,Caution,synthetic_augmented_v2,Remote work and family occupancy should be distinguished from transfer of possession.,">₹30,000",market_deviation,False
DEL-SU-013-V2,Use of one room for remote professional work shall not by itself constitute commercial subletting.,delhi,subletting,le_3500,market_convention,Safe,synthetic_augmented_v2,Defined permitted use and occupant rules reduce ambiguity.,"≤₹3,500",contractual,False
DEL-SU-014-V2,Tenant shall not transfer possession of the entire premises to another person without written consent.,delhi,subletting,above_3500,general_law,Caution,synthetic_augmented_v2,Subletting and assignment consequences depend on the agreement and applicable legal regime.,"₹3,501–₹15,000",general_law,False
DEL-SU-015-V2,Landlord may approve a replacement occupant through a written addendum.,delhi,subletting,above_3500,statutory,High Risk,synthetic_augmented_v2,Treating every guest as an unauthorized subtenant or imposing undefined restrictions can create dispute risk.,"₹15,001–₹30,000",statutory,True
DEL-SU-016-V2,Guests may stay temporarily provided the premises continue to be occupied by the tenant.,delhi,subletting,above_3500,market_convention,Caution,synthetic_augmented_v2,Remote work and family occupancy should be distinguished from transfer of possession.,">₹30,000",market_deviation,False
DEL-SU-017-V2,The agreement does not define whether a paying roommate is a permitted occupant or subtenant.,delhi,subletting,le_3500,market_convention,Safe,synthetic_augmented_v2,Defined permitted use and occupant rules reduce ambiguity.,"≤₹3,500",contractual,False
DEL-SU-018-V2,Tenant shall not use the premises for an activity that materially disturbs neighbors.,delhi,subletting,above_3500,general_law,Caution,synthetic_augmented_v2,Subletting and assignment consequences depend on the agreement and applicable legal regime.,"₹3,501–₹15,000",general_law,False
DEL-SU-019-V2,Any permitted sublease shall remain subject to the original tenancy terms to the extent legally applicable.,delhi,subletting,above_3500,statutory,High Risk,synthetic_augmented_v2,Treating every guest as an unauthorized subtenant or imposing undefined restrictions can create dispute risk.,"₹15,001–₹30,000",statutory,True
DEL-SU-020-V2,Tenant may not assign the agreement to a third party without written approval.,delhi,subletting,above_3500,market_convention,Caution,synthetic_augmented_v2,Remote work and family occupancy should be distinguished from transfer of possession.,">₹30,000",market_deviation,False
DEL-SU-021-V2,Family occupancy shall be distinguished from transfer of possession to a third party.,delhi,subletting,le_3500,market_convention,Safe,synthetic_augmented_v2,Defined permitted use and occupant rules reduce ambiguity.,"≤₹3,500",contractual,False
DEL-SU-022-V2,"Landlord may prohibit all guests, regardless of duration.",delhi,subletting,above_3500,general_law,Caution,synthetic_augmented_v2,Subletting and assignment consequences depend on the agreement and applicable legal regime.,"₹3,501–₹15,000",general_law,False
DEL-SU-023-V2,Tenant shall obtain prior written approval before operating a customer-facing business from the premises.,delhi,subletting,above_3500,statutory,High Risk,synthetic_augmented_v2,Treating every guest as an unauthorized subtenant or imposing undefined restrictions can create dispute risk.,"₹15,001–₹30,000",statutory,True
DEL-SU-024-V2,Use restrictions shall not be interpreted to prohibit ordinary residential activities.,delhi,subletting,above_3500,market_convention,Caution,synthetic_augmented_v2,Remote work and family occupancy should be distinguished from transfer of possession.,">₹30,000",market_deviation,False
DEL-SU-025-V2,A permitted roommate arrangement shall be documented in writing to avoid ambiguity.,delhi,subletting,le_3500,market_convention,Safe,synthetic_augmented_v2,Defined permitted use and occupant rules reduce ambiguity.,"≤₹3,500",contractual,False
DEL-SU-026,Tenant shall not advertise the premises for paid occupancy by unrelated third parties.,delhi,subletting,above_3500,general_law,Caution,synthetic_augmented_v2,Subletting and assignment consequences depend on the agreement and applicable legal regime.,"₹3,501–₹15,000",general_law,False
DEL-SU-027,Any consent to subletting shall identify the approved occupant and duration.,delhi,subletting,above_3500,statutory,High Risk,synthetic_augmented_v2,Treating every guest as an unauthorized subtenant or imposing undefined restrictions can create dispute risk.,"₹15,001–₹30,000",statutory,True
DEL-SU-028,Landlord may inspect compliance with use restrictions only through the agreed access procedure.,delhi,subletting,above_3500,market_convention,Caution,synthetic_augmented_v2,Remote work and family occupancy should be distinguished from transfer of possession.,">₹30,000",market_deviation,False
DEL-SU-029,An undefined prohibition on 'commercial activity' may require clarification for remote work.,delhi,subletting,le_3500,market_convention,Safe,synthetic_augmented_v2,Defined permitted use and occupant rules reduce ambiguity.,"≤₹3,500",contractual,False
DEL-SU-030,"The agreement distinguishes guests, family members, licensees, and subtenants for risk assessment.",delhi,subletting,above_3500,general_law,Caution,synthetic_augmented_v2,Subletting and assignment consequences depend on the agreement and applicable legal regime.,"₹3,501–₹15,000",general_law,False
DEL-DA-001,Both landlord and tenant shall retain a signed copy of the tenancy agreement.,delhi,documentation,le_3500,general_law,Safe,synthetic_augmented_v2,"Clear identification, executed copies, schedules, and handover records improve enforceability and evidence.","≤₹3,500",general_law,False
DEL-DA-002,"The agreement identifies the premises by address, floor, and unit number.",delhi,documentation,above_3500,market_convention,Caution,synthetic_augmented_v2,Documentation defects are often contractual or evidentiary risks rather than standalone statutory violations.,"₹3,501–₹15,000",contractual,False
DEL-DA-003,All amendments shall be recorded in writing and signed or otherwise authenticated by both parties.,delhi,documentation,above_3500,statutory,High Risk,synthetic_augmented_v2,"Missing terms, conflicting schedules, and unsigned amendments create substantial ambiguity.","₹15,001–₹30,000",statutory,True
DEL-DA-004,"Schedule A lists the rent, deposit, notice period, and commencement date.",delhi,documentation,above_3500,market_convention,Caution,synthetic_augmented_v2,The issue may become more significant when a dispute depends on proving the agreed terms.,">₹30,000",market_deviation,False
DEL-DA-005,The agreement refers to a missing annexure containing the maintenance schedule.,delhi,documentation,le_3500,general_law,Safe,synthetic_augmented_v2,"Clear identification, executed copies, schedules, and handover records improve enforceability and evidence.","≤₹3,500",general_law,False
DEL-DA-006,Several key commercial terms are left blank at signing.,delhi,documentation,above_3500,market_convention,Caution,synthetic_augmented_v2,Documentation defects are often contractual or evidentiary risks rather than standalone statutory violations.,"₹3,501–₹15,000",contractual,False
DEL-DA-007,Tenant shall receive a copy of the final executed agreement before paying the security deposit.,delhi,documentation,above_3500,statutory,High Risk,synthetic_augmented_v2,"Missing terms, conflicting schedules, and unsigned amendments create substantial ambiguity.","₹15,001–₹30,000",statutory,True
DEL-DA-008,The agreement identifies the landlord's authorized property manager and communication address.,delhi,documentation,above_3500,market_convention,Caution,synthetic_augmented_v2,The issue may become more significant when a dispute depends on proving the agreed terms.,">₹30,000",market_deviation,False
DEL-DA-009,Move-in condition shall be recorded through a signed inventory and photographs.,delhi,documentation,le_3500,general_law,Safe,synthetic_augmented_v2,"Clear identification, executed copies, schedules, and handover records improve enforceability and evidence.","≤₹3,500",general_law,False
DEL-DA-010,Any handwritten change shall be initialled by both parties.,delhi,documentation,above_3500,market_convention,Caution,synthetic_augmented_v2,Documentation defects are often contractual or evidentiary risks rather than standalone statutory violations.,"₹3,501–₹15,000",contractual,False
DEL-DA-011,The agreement incorporates society rules but does not attach or identify the version applicable at signing.,delhi,documentation,above_3500,statutory,High Risk,synthetic_augmented_v2,"Missing terms, conflicting schedules, and unsigned amendments create substantial ambiguity.","₹15,001–₹30,000",statutory,True
DEL-DA-012,Renewal terms shall be documented through a written renewal or extension.,delhi,documentation,above_3500,market_convention,Caution,synthetic_augmented_v2,The issue may become more significant when a dispute depends on proving the agreed terms.,">₹30,000",market_deviation,False
DEL-DA-013,Rent receipts shall correspond to the premises and tenancy period identified in the agreement.,delhi,documentation,le_3500,general_law,Safe,synthetic_augmented_v2,"Clear identification, executed copies, schedules, and handover records improve enforceability and evidence.","≤₹3,500",general_law,False
DEL-DA-014,The agreement does not specify whether the stated rent includes maintenance charges.,delhi,documentation,above_3500,market_convention,Caution,synthetic_augmented_v2,Documentation defects are often contractual or evidentiary risks rather than standalone statutory violations.,"₹3,501–₹15,000",contractual,False
DEL-DA-015,Annexures referred to in the agreement shall form part of the executed document.,delhi,documentation,above_3500,statutory,High Risk,synthetic_augmented_v2,"Missing terms, conflicting schedules, and unsigned amendments create substantial ambiguity.","₹15,001–₹30,000",statutory,True
DEL-DA-016,The parties shall record the date on which possession is delivered.,delhi,documentation,above_3500,market_convention,Caution,synthetic_augmented_v2,The issue may become more significant when a dispute depends on proving the agreed terms.,">₹30,000",market_deviation,False
DEL-DA-017,Identity and contact details of both parties shall be recorded accurately in the agreement.,delhi,documentation,le_3500,general_law,Safe,synthetic_augmented_v2,"Clear identification, executed copies, schedules, and handover records improve enforceability and evidence.","≤₹3,500",general_law,False
DEL-DA-018,Any waiver of a contractual requirement shall be documented in writing.,delhi,documentation,above_3500,market_convention,Caution,synthetic_augmented_v2,Documentation defects are often contractual or evidentiary risks rather than standalone statutory violations.,"₹3,501–₹15,000",contractual,False
DEL-DA-019,The agreement contains conflicting dates for commencement and possession.,delhi,documentation,above_3500,statutory,High Risk,synthetic_augmented_v2,"Missing terms, conflicting schedules, and unsigned amendments create substantial ambiguity.","₹15,001–₹30,000",statutory,True
DEL-DA-020,The security-deposit amount differs between the main agreement and Schedule B.,delhi,documentation,above_3500,market_convention,Caution,synthetic_augmented_v2,The issue may become more significant when a dispute depends on proving the agreed terms.,">₹30,000",market_deviation,False
DEL-DA-021,An unsigned amendment is being relied upon as if it changed the rent.,delhi,documentation,le_3500,general_law,Safe,synthetic_augmented_v2,"Clear identification, executed copies, schedules, and handover records improve enforceability and evidence.","≤₹3,500",general_law,False
DEL-DA-022,The agreement identifies a property manager but gives no authority or contact details.,delhi,documentation,above_3500,market_convention,Caution,synthetic_augmented_v2,Documentation defects are often contractual or evidentiary risks rather than standalone statutory violations.,"₹3,501–₹15,000",contractual,False
DEL-DA-023,The premises description is too vague to identify the leased unit reliably.,delhi,documentation,above_3500,statutory,High Risk,synthetic_augmented_v2,"Missing terms, conflicting schedules, and unsigned amendments create substantial ambiguity.","₹15,001–₹30,000",statutory,True
DEL-DA-024,Tenant shall receive a signed inventory of fixtures at move-in.,delhi,documentation,above_3500,market_convention,Caution,synthetic_augmented_v2,The issue may become more significant when a dispute depends on proving the agreed terms.,">₹30,000",market_deviation,False
DEL-DA-025,The agreement should identify the agreed communication channels for notices.,delhi,documentation,le_3500,general_law,Safe,synthetic_augmented_v2,"Clear identification, executed copies, schedules, and handover records improve enforceability and evidence.","≤₹3,500",general_law,False
DEL-DA-026,Digital signatures or authenticated electronic execution may be used where legally appropriate.,delhi,documentation,above_3500,market_convention,Caution,synthetic_augmented_v2,Documentation defects are often contractual or evidentiary risks rather than standalone statutory violations.,"₹3,501–₹15,000",contractual,False
DEL-DA-027,The agreement incorporates an external policy without stating where the tenant can access it.,delhi,documentation,above_3500,statutory,High Risk,synthetic_augmented_v2,"Missing terms, conflicting schedules, and unsigned amendments create substantial ambiguity.","₹15,001–₹30,000",statutory,True
DEL-DA-028,An omitted annexure creates uncertainty over the calculation of maintenance charges.,delhi,documentation,above_3500,market_convention,Caution,synthetic_augmented_v2,The issue may become more significant when a dispute depends on proving the agreed terms.,">₹30,000",market_deviation,False
DEL-DA-029,Every party should retain the same final version of the executed agreement.,delhi,documentation,le_3500,general_law,Safe,synthetic_augmented_v2,"Clear identification, executed copies, schedules, and handover records improve enforceability and evidence.","≤₹3,500",general_law,False
DEL-DA-030,Unresolved inconsistencies between the agreement and its schedules should be corrected before execution.,delhi,documentation,above_3500,market_convention,Caution,synthetic_augmented_v2,Documentation defects are often contractual or evidentiary risks rather than standalone statutory violations.,"₹3,501–₹15,000",contractual,False
DEL-DR-001-V2,Parties shall first attempt to resolve tenancy disputes through written discussion.,delhi,dispute_resolution,le_3500,general_law,Safe,synthetic_augmented_v2,"A staged, documented dispute process can reduce unnecessary escalation.","≤₹3,500",general_law,False
DEL-DR-002-V2,Any unresolved dispute may be referred to the forum having jurisdiction under applicable law.,delhi,dispute_resolution,above_3500,market_convention,Caution,synthetic_augmented_v2,Dispute provisions are contractual but cannot simply override mandatory legal remedies.,"₹3,501–₹15,000",contractual,False
DEL-DR-003-V2,Tenant must waive all rights to challenge any landlord decision.,delhi,dispute_resolution,above_3500,statutory,High Risk,synthetic_augmented_v2,"Unilateral forum selection, blanket waivers, or automatic cost shifting can create serious imbalance.","₹15,001–₹30,000",statutory,True
DEL-DR-004-V2,Disputes concerning deposit deductions shall first be supported by an itemized statement.,delhi,dispute_resolution,above_3500,market_convention,Caution,synthetic_augmented_v2,The substantive tenancy regime should be checked before relying on a dispute clause.,">₹30,000",market_deviation,False
DEL-DR-005-V2,Either party may send a written dispute notice identifying the clause and facts in issue.,delhi,dispute_resolution,le_3500,general_law,Safe,synthetic_augmented_v2,"A staged, documented dispute process can reduce unnecessary escalation.","≤₹3,500",general_law,False
DEL-DR-006-V2,The agreement provides for arbitration but does not explain how the arbitrator will be appointed.,delhi,dispute_resolution,above_3500,market_convention,Caution,synthetic_augmented_v2,Dispute provisions are contractual but cannot simply override mandatory legal remedies.,"₹3,501–₹15,000",contractual,False
DEL-DR-007-V2,"Parties shall attempt mediation before commencing other remedies, where legally permissible.",delhi,dispute_resolution,above_3500,statutory,High Risk,synthetic_augmented_v2,"Unilateral forum selection, blanket waivers, or automatic cost shifting can create serious imbalance.","₹15,001–₹30,000",statutory,True
DEL-DR-008-V2,A dispute clause shall not be interpreted as preventing a party from seeking urgent relief where available.,delhi,dispute_resolution,above_3500,market_convention,Caution,synthetic_augmented_v2,The substantive tenancy regime should be checked before relying on a dispute clause.,">₹30,000",market_deviation,False
DEL-DR-009-V2,Landlord alone may choose the dispute forum.,delhi,dispute_resolution,le_3500,general_law,Safe,synthetic_augmented_v2,"A staged, documented dispute process can reduce unnecessary escalation.","≤₹3,500",general_law,False
DEL-DR-010-V2,All notices relating to disputes shall use the communication details stated in the agreement.,delhi,dispute_resolution,above_3500,market_convention,Caution,synthetic_augmented_v2,Dispute provisions are contractual but cannot simply override mandatory legal remedies.,"₹3,501–₹15,000",contractual,False
DEL-DR-011-V2,Deposit disputes shall be separated from unrelated claims wherever practical.,delhi,dispute_resolution,above_3500,statutory,High Risk,synthetic_augmented_v2,"Unilateral forum selection, blanket waivers, or automatic cost shifting can create serious imbalance.","₹15,001–₹30,000",statutory,True
DEL-DR-012-V2,"Parties shall preserve payment records, inspection photographs, and correspondence relevant to a dispute.",delhi,dispute_resolution,above_3500,market_convention,Caution,synthetic_augmented_v2,The substantive tenancy regime should be checked before relying on a dispute clause.,">₹30,000",market_deviation,False
DEL-DR-013-V2,The agreement requires a seven-day period to attempt settlement after written notice.,delhi,dispute_resolution,le_3500,general_law,Safe,synthetic_augmented_v2,"A staged, documented dispute process can reduce unnecessary escalation.","≤₹3,500",general_law,False
DEL-DR-014-V2,Tenant shall pay all landlord legal expenses regardless of outcome.,delhi,dispute_resolution,above_3500,market_convention,Caution,synthetic_augmented_v2,Dispute provisions are contractual but cannot simply override mandatory legal remedies.,"₹3,501–₹15,000",contractual,False
DEL-DR-015-V2,Nothing in the clause authorizes physical self-help or lockout as a dispute remedy.,delhi,dispute_resolution,above_3500,statutory,High Risk,synthetic_augmented_v2,"Unilateral forum selection, blanket waivers, or automatic cost shifting can create serious imbalance.","₹15,001–₹30,000",statutory,True
DEL-DR-016-V2,Dispute resolution shall be subject to the jurisdictional and mandatory rules applicable to the tenancy.,delhi,dispute_resolution,above_3500,market_convention,Caution,synthetic_augmented_v2,The substantive tenancy regime should be checked before relying on a dispute clause.,">₹30,000",market_deviation,False
DEL-DR-017-V2,The agreement names a dispute forum but gives no location or procedural details.,delhi,dispute_resolution,le_3500,general_law,Safe,synthetic_augmented_v2,"A staged, documented dispute process can reduce unnecessary escalation.","≤₹3,500",general_law,False
DEL-DR-018-V2,Either party may request a written account of disputed charges before escalating the matter.,delhi,dispute_resolution,above_3500,market_convention,Caution,synthetic_augmented_v2,Dispute provisions are contractual but cannot simply override mandatory legal remedies.,"₹3,501–₹15,000",contractual,False
DEL-DR-019-V2,Informal conversations shall not alter the executed agreement unless confirmed in writing.,delhi,dispute_resolution,above_3500,statutory,High Risk,synthetic_augmented_v2,"Unilateral forum selection, blanket waivers, or automatic cost shifting can create serious imbalance.","₹15,001–₹30,000",statutory,True
DEL-DR-020-V2,Parties shall cooperate in exchanging documents reasonably necessary to resolve a payment dispute.,delhi,dispute_resolution,above_3500,market_convention,Caution,synthetic_augmented_v2,The substantive tenancy regime should be checked before relying on a dispute clause.,">₹30,000",market_deviation,False
DEL-DR-021-V2,The landlord may terminate the tenancy solely because the tenant raised a contractual dispute.,delhi,dispute_resolution,le_3500,general_law,Safe,synthetic_augmented_v2,"A staged, documented dispute process can reduce unnecessary escalation.","≤₹3,500",general_law,False
DEL-DR-022-V2,Disputes over condition shall use the move-in and move-out inspection records as evidence.,delhi,dispute_resolution,above_3500,market_convention,Caution,synthetic_augmented_v2,Dispute provisions are contractual but cannot simply override mandatory legal remedies.,"₹3,501–₹15,000",contractual,False
DEL-DR-023-V2,"The dispute clause distinguishes negotiation, mediation, arbitration, and court remedies.",delhi,dispute_resolution,above_3500,statutory,High Risk,synthetic_augmented_v2,"Unilateral forum selection, blanket waivers, or automatic cost shifting can create serious imbalance.","₹15,001–₹30,000",statutory,True
DEL-DR-024-V2,Neither party may waive mandatory legal protections merely through a general dispute clause.,delhi,dispute_resolution,above_3500,market_convention,Caution,synthetic_augmented_v2,The substantive tenancy regime should be checked before relying on a dispute clause.,">₹30,000",market_deviation,False
DEL-DR-025-V2,Tenant shall be given a reasonable opportunity to contest proposed deposit deductions.,delhi,dispute_resolution,le_3500,general_law,Safe,synthetic_augmented_v2,"A staged, documented dispute process can reduce unnecessary escalation.","≤₹3,500",general_law,False
DEL-DR-026,Any settlement shall be recorded in writing and signed by both parties.,delhi,dispute_resolution,above_3500,market_convention,Caution,synthetic_augmented_v2,Dispute provisions are contractual but cannot simply override mandatory legal remedies.,"₹3,501–₹15,000",contractual,False
DEL-DR-027,The agreement's dispute clause is incomplete because it identifies no process after negotiation fails.,delhi,dispute_resolution,above_3500,statutory,High Risk,synthetic_augmented_v2,"Unilateral forum selection, blanket waivers, or automatic cost shifting can create serious imbalance.","₹15,001–₹30,000",statutory,True
DEL-DR-028,Parties may agree in writing to a different settlement process for a particular dispute.,delhi,dispute_resolution,above_3500,market_convention,Caution,synthetic_augmented_v2,The substantive tenancy regime should be checked before relying on a dispute clause.,">₹30,000",market_deviation,False
DEL-DR-029,A blanket clause requiring the tenant to bear all dispute costs regardless of outcome creates imbalance risk.,delhi,dispute_resolution,le_3500,general_law,Safe,synthetic_augmented_v2,"A staged, documented dispute process can reduce unnecessary escalation.","≤₹3,500",general_law,False
DEL-DR-030,Dispute mechanisms should not be confused with the substantive legal grounds for termination or possession.,delhi,dispute_resolution,above_3500,market_convention,Caution,synthetic_augmented_v2,Dispute provisions are contractual but cannot simply override mandatory legal remedies.,"₹3,501–₹15,000",contractual,False
DEL-PH-001-V2,Possession shall be delivered after the first rent and security deposit are received.,delhi,possession_handover,le_3500,market_convention,Safe,synthetic_augmented_v2,"Documented handover, inventories, meter readings, and photographs improve evidence quality.","≤₹3,500",contractual,False
DEL-PH-002-V2,"At handover, both parties shall record electricity, water, and gas meter readings.",delhi,possession_handover,above_3500,general_law,Caution,synthetic_augmented_v2,Handover obligations are mainly contractual but can affect deposit and possession disputes.,"₹3,501–₹15,000",general_law,False
DEL-PH-003-V2,"Tenant shall return the premises in substantially the condition documented at move-in, subject to ordinary wear and tear.",delhi,possession_handover,above_3500,statutory,High Risk,synthetic_augmented_v2,Unreasonable automatic deductions or refusal to acknowledge possession creates significant dispute risk.,"₹15,001–₹30,000",statutory,True
DEL-PH-004-V2,Landlord shall provide keys and access cards on the possession date.,delhi,possession_handover,above_3500,market_convention,Caution,synthetic_augmented_v2,"The clause should be read with the deposit, maintenance, and termination provisions.",">₹30,000",market_deviation,False
DEL-PH-005-V2,An inventory of furniture and appliances shall be signed by both parties at move-in.,delhi,possession_handover,le_3500,market_convention,Safe,synthetic_augmented_v2,"Documented handover, inventories, meter readings, and photographs improve evidence quality.","≤₹3,500",contractual,False
DEL-PH-006-V2,Tenant shall remove personal belongings before the agreed handover date. The parties shall treat this provision as part of the executed tenancy terms.,delhi,possession_handover,above_3500,general_law,Caution,synthetic_augmented_v2,Handover obligations are mainly contractual but can affect deposit and possession disputes.,"₹3,501–₹15,000",general_law,False
DEL-PH-007-V2,Landlord may refuse to acknowledge possession until the premises are repainted regardless of condition.,delhi,possession_handover,above_3500,statutory,High Risk,synthetic_augmented_v2,Unreasonable automatic deductions or refusal to acknowledge possession creates significant dispute risk.,"₹15,001–₹30,000",statutory,True
DEL-PH-008-V2,Move-out inspection shall be scheduled with reasonable notice.,delhi,possession_handover,above_3500,market_convention,Caution,synthetic_augmented_v2,"The clause should be read with the deposit, maintenance, and termination provisions.",">₹30,000",market_deviation,False
DEL-PH-009-V2,Any missing fixture shall be identified against the signed inventory before a deduction is claimed.,delhi,possession_handover,le_3500,market_convention,Safe,synthetic_augmented_v2,"Documented handover, inventories, meter readings, and photographs improve evidence quality.","≤₹3,500",contractual,False
DEL-PH-010-V2,"Tenant shall return all keys, remotes, and access cards at final handover.",delhi,possession_handover,above_3500,general_law,Caution,synthetic_augmented_v2,Handover obligations are mainly contractual but can affect deposit and possession disputes.,"₹3,501–₹15,000",general_law,False
DEL-PH-011-V2,Landlord shall record the condition of the premises using photographs where appropriate.,delhi,possession_handover,above_3500,statutory,High Risk,synthetic_augmented_v2,Unreasonable automatic deductions or refusal to acknowledge possession creates significant dispute risk.,"₹15,001–₹30,000",statutory,True
DEL-PH-012-V2,Possession shall not be treated as delivered merely because the tenant has stopped residing there.,delhi,possession_handover,above_3500,market_convention,Caution,synthetic_augmented_v2,"The clause should be read with the deposit, maintenance, and termination provisions.",">₹30,000",market_deviation,False
DEL-PH-013-V2,Final handover shall include a written confirmation of the date on which vacant possession was delivered.,delhi,possession_handover,le_3500,market_convention,Safe,synthetic_augmented_v2,"Documented handover, inventories, meter readings, and photographs improve evidence quality.","≤₹3,500",contractual,False
DEL-PH-014-V2,Tenant shall provide final meter readings to the landlord.,delhi,possession_handover,above_3500,general_law,Caution,synthetic_augmented_v2,Handover obligations are mainly contractual but can affect deposit and possession disputes.,"₹3,501–₹15,000",general_law,False
DEL-PH-015-V2,Landlord shall provide a move-out statement identifying known deductions from the deposit.,delhi,possession_handover,above_3500,statutory,High Risk,synthetic_augmented_v2,Unreasonable automatic deductions or refusal to acknowledge possession creates significant dispute risk.,"₹15,001–₹30,000",statutory,True
DEL-PH-016-V2,Normal deterioration from ordinary residential use shall not automatically be treated as damage.,delhi,possession_handover,above_3500,market_convention,Caution,synthetic_augmented_v2,"The clause should be read with the deposit, maintenance, and termination provisions.",">₹30,000",market_deviation,False
DEL-PH-017-V2,Any abandoned property shall be handled according to the agreed procedure and applicable law.,delhi,possession_handover,le_3500,market_convention,Safe,synthetic_augmented_v2,"Documented handover, inventories, meter readings, and photographs improve evidence quality.","≤₹3,500",contractual,False
DEL-PH-018-V2,"Tenant shall return landlord-owned appliances in reasonable working condition, subject to ordinary wear.",delhi,possession_handover,above_3500,general_law,Caution,synthetic_augmented_v2,Handover obligations are mainly contractual but can affect deposit and possession disputes.,"₹3,501–₹15,000",general_law,False
DEL-PH-019-V2,Landlord may require cleaning reasonably necessary to return the premises to the documented move-in standard.,delhi,possession_handover,above_3500,statutory,High Risk,synthetic_augmented_v2,Unreasonable automatic deductions or refusal to acknowledge possession creates significant dispute risk.,"₹15,001–₹30,000",statutory,True
DEL-PH-020-V2,The agreement does not specify who attends the final inspection.,delhi,possession_handover,above_3500,market_convention,Caution,synthetic_augmented_v2,"The clause should be read with the deposit, maintenance, and termination provisions.",">₹30,000",market_deviation,False
DEL-PH-021-V2,Tenant shall not be charged for pre-existing defects documented at move-in.,delhi,possession_handover,le_3500,market_convention,Safe,synthetic_augmented_v2,"Documented handover, inventories, meter readings, and photographs improve evidence quality.","≤₹3,500",contractual,False
DEL-PH-022-V2,Keys handed to the landlord shall be acknowledged in writing.,delhi,possession_handover,above_3500,general_law,Caution,synthetic_augmented_v2,Handover obligations are mainly contractual but can affect deposit and possession disputes.,"₹3,501–₹15,000",general_law,False
DEL-PH-023-V2,Final utility reconciliation may occur after handover if the relevant bill is not yet available.,delhi,possession_handover,above_3500,statutory,High Risk,synthetic_augmented_v2,Unreasonable automatic deductions or refusal to acknowledge possession creates significant dispute risk.,"₹15,001–₹30,000",statutory,True
DEL-PH-024-V2,Possession records shall identify any outstanding repair or maintenance issue.,delhi,possession_handover,above_3500,market_convention,Caution,synthetic_augmented_v2,"The clause should be read with the deposit, maintenance, and termination provisions.",">₹30,000",market_deviation,False
DEL-PH-025-V2,Tenant shall not remove fixtures belonging to the landlord.,delhi,possession_handover,le_3500,market_convention,Safe,synthetic_augmented_v2,"Documented handover, inventories, meter readings, and photographs improve evidence quality.","≤₹3,500",contractual,False
DEL-PH-026,Landlord shall provide access to the tenant on the agreed possession date unless a documented delay occurs.,delhi,possession_handover,above_3500,general_law,Caution,synthetic_augmented_v2,Handover obligations are mainly contractual but can affect deposit and possession disputes.,"₹3,501–₹15,000",general_law,False
DEL-PH-027,Move-in condition should be distinguished from the landlord's later repair obligations.,delhi,possession_handover,above_3500,statutory,High Risk,synthetic_augmented_v2,Unreasonable automatic deductions or refusal to acknowledge possession creates significant dispute risk.,"₹15,001–₹30,000",statutory,True
DEL-PH-028,Final handover shall occur after removal of tenant property and completion of the agreed inspection.,delhi,possession_handover,above_3500,market_convention,Caution,synthetic_augmented_v2,"The clause should be read with the deposit, maintenance, and termination provisions.",">₹30,000",market_deviation,False
DEL-PH-029,An unsigned inventory creates evidence risk concerning the original condition of fixtures.,delhi,possession_handover,le_3500,market_convention,Safe,synthetic_augmented_v2,"Documented handover, inventories, meter readings, and photographs improve evidence quality.","≤₹3,500",contractual,False
DEL-PH-030,Tenant shall return the premises free of personal waste and movable belongings.,delhi,possession_handover,above_3500,general_law,Caution,synthetic_augmented_v2,Handover obligations are mainly contractual but can affect deposit and possession disputes.,"₹3,501–₹15,000",general_law,False
DEL-PH-031,Landlord may not treat ordinary paint fading as automatic tenant damage without considering condition and wear.,delhi,possession_handover,above_3500,statutory,High Risk,synthetic_augmented_v2,Unreasonable automatic deductions or refusal to acknowledge possession creates significant dispute risk.,"₹15,001–₹30,000",statutory,True
DEL-PH-032,Any deduction related to damage should be connected to the handover record.,delhi,possession_handover,above_3500,market_convention,Caution,synthetic_augmented_v2,"The clause should be read with the deposit, maintenance, and termination provisions.",">₹30,000",market_deviation,False
DEL-PH-033,The agreement specifies possession delivery but not the date on which keys are transferred.,delhi,possession_handover,le_3500,market_convention,Safe,synthetic_augmented_v2,"Documented handover, inventories, meter readings, and photographs improve evidence quality.","≤₹3,500",contractual,False
DEL-PH-034,Both parties shall retain a copy of the final handover record.,delhi,possession_handover,above_3500,general_law,Caution,synthetic_augmented_v2,Handover obligations are mainly contractual but can affect deposit and possession disputes.,"₹3,501–₹15,000",general_law,False
DEL-PH-035,"Clear handover records reduce disputes about possession, condition, keys, and deposit deductions.",delhi,possession_handover,above_3500,statutory,High Risk,synthetic_augmented_v2,Unreasonable automatic deductions or refusal to acknowledge possession creates significant dispute risk.,"₹15,001–₹30,000",statutory,True
DEL-SE-132-V3,"Tenant shall pay a refundable security deposit of 1 months' rent, refundable within 90 days of vacating.",delhi,security_deposit,le_3500,general_law,Safe,synthetic_augmented_v3,Synthetic clause generated for dataset expansion; heuristic risk assignment.,le_3500,general_law,False
DEL-SE-325-V3,"Tenant shall pay a refundable security deposit of 2 months' rent, refundable within 15 days of vacating.",delhi,security_deposit,above_3500,market_convention,Safe,synthetic_augmented_v3,Synthetic clause generated for dataset expansion; heuristic risk assignment.,above_3500,market_convention,False
DEL-SE-881-V3,"Deposit shall be returned within 30 days after handover, subject to documented deductions.",delhi,security_deposit,le_3500,statutory,Caution,synthetic_augmented_v3,Synthetic clause generated for dataset expansion; heuristic risk assignment.,le_3500,statutory,False
DEL-SE-649-V3,Landlord may deduct from the deposit for repairs without providing invoices.,delhi,security_deposit,le_3500,general_law,Caution,synthetic_augmented_v3,Synthetic clause generated for dataset expansion; heuristic risk assignment.,le_3500,general_law,False
DEL-SE-891-V3,"Tenant shall pay a refundable security deposit of 7 months' rent, refundable within 7 days of vacating.",delhi,security_deposit,le_3500,general_law,Safe,synthetic_augmented_v3,Synthetic clause generated for dataset expansion; heuristic risk assignment.,le_3500,general_law,False
DEL-SE-314-V3,Landlord may deduct from the deposit for utility bills without providing invoices.,delhi,security_deposit,le_3500,general_law,Caution,synthetic_augmented_v3,Synthetic clause generated for dataset expansion; heuristic risk assignment.,le_3500,general_law,False
DEL-SE-376-V3,Landlord may deduct from the deposit for cleaning without providing invoices.,delhi,security_deposit,above_3500,market_convention,Caution,synthetic_augmented_v3,Synthetic clause generated for dataset expansion; heuristic risk assignment.,above_3500,market_convention,False
DEL-SE-374-V3,Tenant authorizes the landlord to retain the entire deposit for any breach.,delhi,security_deposit,above_3500,market_convention,Safe,synthetic_augmented_v3,Synthetic clause generated for dataset expansion; heuristic risk assignment.,above_3500,market_convention,False
DEL-SE-352-V3,"Tenant shall pay a refundable security deposit of 4 months' rent, refundable within 60 days of vacating.",delhi,security_deposit,le_3500,statutory,Safe,synthetic_augmented_v3,Synthetic clause generated for dataset expansion; heuristic risk assignment.,le_3500,statutory,False
DEL-SE-710-V3,The security deposit shall be 9 months' rent and may be adjusted against unpaid rent only after a written statement.,delhi,security_deposit,above_3500,market_convention,Caution,synthetic_augmented_v3,Synthetic clause generated for dataset expansion; heuristic risk assignment.,above_3500,market_convention,False
DEL-SE-887-V3,"Tenant shall pay a refundable security deposit of 7 months' rent, refundable within 45 days of vacating.",delhi,security_deposit,above_3500,market_convention,Safe,synthetic_augmented_v3,Synthetic clause generated for dataset expansion; heuristic risk assignment.,above_3500,market_convention,False
DEL-SE-208-V3,Landlord may deduct from the deposit for damage without providing invoices.,delhi,security_deposit,le_3500,general_law,Caution,synthetic_augmented_v3,Synthetic clause generated for dataset expansion; heuristic risk assignment.,le_3500,general_law,False
DEL-SE-586-V3,The security deposit shall be 1 months' rent and may be adjusted against unpaid rent only after a written statement.,delhi,security_deposit,le_3500,statutory,Caution,synthetic_augmented_v3,Synthetic clause generated for dataset expansion; heuristic risk assignment.,le_3500,statutory,False
DEL-SE-980-V3,The security deposit shall be 2 months' rent and may be adjusted against unpaid rent only after a written statement.,delhi,security_deposit,le_3500,statutory,Caution,synthetic_augmented_v3,Synthetic clause generated for dataset expansion; heuristic risk assignment.,le_3500,statutory,False
DEL-SE-845-V3,"Tenant shall pay a refundable security deposit of 11 months' rent, refundable within 45 days of vacating.",delhi,security_deposit,le_3500,statutory,Safe,synthetic_augmented_v3,Synthetic clause generated for dataset expansion; heuristic risk assignment.,le_3500,statutory,False
DEL-SE-258-V3,"Tenant shall pay a refundable security deposit of 3 months' rent, refundable within 45 days of vacating.",delhi,security_deposit,above_3500,market_convention,Safe,synthetic_augmented_v3,Synthetic clause generated for dataset expansion; heuristic risk assignment.,above_3500,market_convention,False
DEL-SE-614-V3,The security deposit shall be 5 months' rent and may be adjusted against unpaid rent only after a written statement.,delhi,security_deposit,above_3500,market_convention,Caution,synthetic_augmented_v3,Synthetic clause generated for dataset expansion; heuristic risk assignment.,above_3500,market_convention,False
DEL-SE-367-V3,The security deposit shall be 7 months' rent and may be adjusted against unpaid rent only after a written statement.,delhi,security_deposit,above_3500,market_convention,Caution,synthetic_augmented_v3,Synthetic clause generated for dataset expansion; heuristic risk assignment.,above_3500,market_convention,False
DEL-SE-423-V3,The security deposit shall be 11 months' rent and may be adjusted against unpaid rent only after a written statement.,delhi,security_deposit,above_3500,market_convention,Caution,synthetic_augmented_v3,Synthetic clause generated for dataset expansion; heuristic risk assignment.,above_3500,market_convention,False
DEL-SE-235-V3,"Tenant shall pay a refundable security deposit of 1 months' rent, refundable within 45 days of vacating.",delhi,security_deposit,above_3500,market_convention,Safe,synthetic_augmented_v3,Synthetic clause generated for dataset expansion; heuristic risk assignment.,above_3500,market_convention,False
DEL-SE-308-V3,"Tenant shall pay a refundable security deposit of 2 months' rent, refundable within 90 days of vacating.",delhi,security_deposit,above_3500,market_convention,Safe,synthetic_augmented_v3,Synthetic clause generated for dataset expansion; heuristic risk assignment.,above_3500,market_convention,False
DEL-SE-440-V3,"Deposit shall be returned within 90 days after handover, subject to documented deductions.",delhi,security_deposit,le_3500,general_law,Caution,synthetic_augmented_v3,Synthetic clause generated for dataset expansion; heuristic risk assignment.,le_3500,general_law,False
DEL-SE-385-V3,"Deposit shall be returned within 15 days after handover, subject to documented deductions.",delhi,security_deposit,le_3500,general_law,Caution,synthetic_augmented_v3,Synthetic clause generated for dataset expansion; heuristic risk assignment.,le_3500,general_law,False
DEL-SE-282-V3,"Tenant shall pay a refundable security deposit of 5 months' rent, refundable within 30 days of vacating.",delhi,security_deposit,above_3500,market_convention,Safe,synthetic_augmented_v3,Synthetic clause generated for dataset expansion; heuristic risk assignment.,above_3500,market_convention,False
DEL-SE-925-V3,"Deposit shall be returned within 60 days after handover, subject to documented deductions.",delhi,security_deposit,le_3500,general_law,Caution,synthetic_augmented_v3,Synthetic clause generated for dataset expansion; heuristic risk assignment.,le_3500,general_law,False
DEL-SE-408-V3,"Deposit shall be returned within 45 days after handover, subject to documented deductions.",delhi,security_deposit,le_3500,general_law,Caution,synthetic_augmented_v3,Synthetic clause generated for dataset expansion; heuristic risk assignment.,le_3500,general_law,False
DEL-SE-576-V3,"Deposit shall be returned within 7 days after handover, subject to documented deductions.",delhi,security_deposit,above_3500,market_convention,Caution,synthetic_augmented_v3,Synthetic clause generated for dataset expansion; heuristic risk assignment.,above_3500,market_convention,False
DEL-SE-524-V3,The security deposit shall be 4 months' rent and may be adjusted against unpaid rent only after a written statement.,delhi,security_deposit,above_3500,market_convention,Caution,synthetic_augmented_v3,Synthetic clause generated for dataset expansion; heuristic risk assignment.,above_3500,market_convention,False
DEL-SE-920-V3,"Tenant shall pay a refundable security deposit of 2 months' rent, refundable within 45 days of vacating.",delhi,security_deposit,le_3500,general_law,Safe,synthetic_augmented_v3,Synthetic clause generated for dataset expansion; heuristic risk assignment.,le_3500,general_law,False
DEL-NO-445-V3,"The agreement has a 8-month lock-in, during which tenant may not terminate.",delhi,notice_lockin,above_3500,market_convention,Caution,synthetic_augmented_v3,Synthetic clause generated for dataset expansion; heuristic risk assignment.,above_3500,market_convention,False
DEL-NO-458-V3,Early termination by tenant will incur a penalty of 5 months' rent.,delhi,notice_lockin,le_3500,general_law,Safe,synthetic_augmented_v3,Synthetic clause generated for dataset expansion; heuristic risk assignment.,le_3500,general_law,False
DEL-NO-344-V3,"The agreement has a 11-month lock-in, during which tenant may not terminate.",delhi,notice_lockin,le_3500,general_law,Caution,synthetic_augmented_v3,Synthetic clause generated for dataset expansion; heuristic risk assignment.,le_3500,general_law,False
DEL-NO-419-V3,"Tenant must give 60 days' notice, while landlord may terminate with 60 days' notice.",delhi,notice_lockin,le_3500,general_law,Caution,synthetic_augmented_v3,Synthetic clause generated for dataset expansion; heuristic risk assignment.,le_3500,general_law,False
DEL-NO-813-V3,The lock-in period shall not apply if the landlord fails to provide essential services.,delhi,notice_lockin,le_3500,general_law,Caution,synthetic_augmented_v3,Synthetic clause generated for dataset expansion; heuristic risk assignment.,le_3500,general_law,False
DEL-NO-170-V3,"Tenant must give 60 days' notice, while landlord may terminate with 7 days' notice.",delhi,notice_lockin,above_3500,market_convention,Caution,synthetic_augmented_v3,Synthetic clause generated for dataset expansion; heuristic risk assignment.,above_3500,market_convention,False
DEL-NO-730-V3,"Tenant must give 45 days' notice, while landlord may terminate with 90 days' notice.",delhi,notice_lockin,above_3500,market_convention,Caution,synthetic_augmented_v3,Synthetic clause generated for dataset expansion; heuristic risk assignment.,above_3500,market_convention,False
DEL-NO-286-V3,"Tenant must give 15 days' notice, while landlord may terminate with 45 days' notice.",delhi,notice_lockin,above_3500,market_convention,Caution,synthetic_augmented_v3,Synthetic clause generated for dataset expansion; heuristic risk assignment.,above_3500,market_convention,False
DEL-NO-187-V3,Early termination by tenant will incur a penalty of 4 months' rent.,delhi,notice_lockin,le_3500,general_law,Safe,synthetic_augmented_v3,Synthetic clause generated for dataset expansion; heuristic risk assignment.,le_3500,general_law,False
DEL-NO-911-V3,"The agreement has a 12-month lock-in, during which tenant may not terminate.",delhi,notice_lockin,above_3500,market_convention,Caution,synthetic_augmented_v3,Synthetic clause generated for dataset expansion; heuristic risk assignment.,above_3500,market_convention,False
DEL-NO-584-V3,Either party may terminate with 30 days' written notice.,delhi,notice_lockin,above_3500,market_convention,Caution,synthetic_augmented_v3,Synthetic clause generated for dataset expansion; heuristic risk assignment.,above_3500,market_convention,False
DEL-NO-296-V3,"Tenant must give 30 days' notice, while landlord may terminate with 15 days' notice.",delhi,notice_lockin,le_3500,general_law,Caution,synthetic_augmented_v3,Synthetic clause generated for dataset expansion; heuristic risk assignment.,le_3500,general_law,False
DEL-NO-814-V3,"The agreement has a 6-month lock-in, during which tenant may not terminate.",delhi,notice_lockin,above_3500,market_convention,Caution,synthetic_augmented_v3,Synthetic clause generated for dataset expansion; heuristic risk assignment.,above_3500,market_convention,False
DEL-NO-175-V3,Early termination by tenant will incur a penalty of 6 months' rent.,delhi,notice_lockin,above_3500,market_convention,Safe,synthetic_augmented_v3,Synthetic clause generated for dataset expansion; heuristic risk assignment.,above_3500,market_convention,False
DEL-NO-980-V3,Either party may terminate with 45 days' written notice.,delhi,notice_lockin,above_3500,market_convention,Caution,synthetic_augmented_v3,Synthetic clause generated for dataset expansion; heuristic risk assignment.,above_3500,market_convention,False
DEL-NO-561-V3,"Tenant must give 7 days' notice, while landlord may terminate with 15 days' notice.",delhi,notice_lockin,above_3500,market_convention,Caution,synthetic_augmented_v3,Synthetic clause generated for dataset expansion; heuristic risk assignment.,above_3500,market_convention,False
DEL-NO-763-V3,Either party may terminate with 15 days' written notice.,delhi,notice_lockin,le_3500,general_law,Caution,synthetic_augmented_v3,Synthetic clause generated for dataset expansion; heuristic risk assignment.,le_3500,general_law,False
DEL-NO-549-V3,"The agreement has a 5-month lock-in, during which tenant may not terminate.",delhi,notice_lockin,above_3500,market_convention,Caution,synthetic_augmented_v3,Synthetic clause generated for dataset expansion; heuristic risk assignment.,above_3500,market_convention,False
DEL-NO-548-V3,Either party may terminate with 90 days' written notice.,delhi,notice_lockin,above_3500,market_convention,Caution,synthetic_augmented_v3,Synthetic clause generated for dataset expansion; heuristic risk assignment.,above_3500,market_convention,False
DEL-NO-790-V3,Either party may terminate with 7 days' written notice.,delhi,notice_lockin,le_3500,general_law,Caution,synthetic_augmented_v3,Synthetic clause generated for dataset expansion; heuristic risk assignment.,le_3500,general_law,False
DEL-NO-395-V3,"Tenant must give 30 days' notice, while landlord may terminate with 30 days' notice.",delhi,notice_lockin,above_3500,market_convention,Caution,synthetic_augmented_v3,Synthetic clause generated for dataset expansion; heuristic risk assignment.,above_3500,market_convention,False
DEL-NO-985-V3,Early termination by tenant will incur a penalty of 9 months' rent.,delhi,notice_lockin,above_3500,market_convention,Safe,synthetic_augmented_v3,Synthetic clause generated for dataset expansion; heuristic risk assignment.,above_3500,market_convention,False
DEL-NO-453-V3,"Tenant must give 30 days' notice, while landlord may terminate with 7 days' notice.",delhi,notice_lockin,above_3500,market_convention,Caution,synthetic_augmented_v3,Synthetic clause generated for dataset expansion; heuristic risk assignment.,above_3500,market_convention,False
DEL-NO-339-V3,"Tenant must give 60 days' notice, while landlord may terminate with 45 days' notice.",delhi,notice_lockin,above_3500,market_convention,Caution,synthetic_augmented_v3,Synthetic clause generated for dataset expansion; heuristic risk assignment.,above_3500,market_convention,False
DEL-NO-137-V3,Early termination by tenant will incur a penalty of 1 months' rent.,delhi,notice_lockin,above_3500,market_convention,Safe,synthetic_augmented_v3,Synthetic clause generated for dataset expansion; heuristic risk assignment.,above_3500,market_convention,False
DEL-NO-115-V3,"The agreement has a 9-month lock-in, during which tenant may not terminate.",delhi,notice_lockin,above_3500,market_convention,Caution,synthetic_augmented_v3,Synthetic clause generated for dataset expansion; heuristic risk assignment.,above_3500,market_convention,False
DEL-NO-765-V3,"The agreement has a 7-month lock-in, during which tenant may not terminate.",delhi,notice_lockin,above_3500,market_convention,Caution,synthetic_augmented_v3,Synthetic clause generated for dataset expansion; heuristic risk assignment.,above_3500,market_convention,False
DEL-NO-147-V3,Early termination by tenant will incur a penalty of 2 months' rent.,delhi,notice_lockin,le_3500,general_law,Safe,synthetic_augmented_v3,Synthetic clause generated for dataset expansion; heuristic risk assignment.,le_3500,general_law,False
DEL-NO-609-V3,Early termination by tenant will incur a penalty of 10 months' rent.,delhi,notice_lockin,le_3500,general_law,Safe,synthetic_augmented_v3,Synthetic clause generated for dataset expansion; heuristic risk assignment.,le_3500,general_law,False
DEL-NO-950-V3,"Tenant must give 45 days' notice, while landlord may terminate with 15 days' notice.",delhi,notice_lockin,above_3500,market_convention,Caution,synthetic_augmented_v3,Synthetic clause generated for dataset expansion; heuristic risk assignment.,above_3500,market_convention,False
DEL-NO-370-V3,"The agreement has a 4-month lock-in, during which tenant may not terminate.",delhi,notice_lockin,le_3500,general_law,Caution,synthetic_augmented_v3,Synthetic clause generated for dataset expansion; heuristic risk assignment.,le_3500,general_law,False
DEL-NO-604-V3,Early termination by tenant will incur a penalty of 12 months' rent.,delhi,notice_lockin,above_3500,market_convention,Safe,synthetic_augmented_v3,Synthetic clause generated for dataset expansion; heuristic risk assignment.,above_3500,market_convention,False
DEL-NO-225-V3,"Tenant must give 90 days' notice, while landlord may terminate with 30 days' notice.",delhi,notice_lockin,le_3500,general_law,Caution,synthetic_augmented_v3,Synthetic clause generated for dataset expansion; heuristic risk assignment.,le_3500,general_law,False
DEL-NO-907-V3,"The agreement has a 10-month lock-in, during which tenant may not terminate.",delhi,notice_lockin,le_3500,general_law,Caution,synthetic_augmented_v3,Synthetic clause generated for dataset expansion; heuristic risk assignment.,le_3500,general_law,False
DEL-MA-115-V3,Landlord may deduct repair costs from deposit without supporting invoices.,delhi,maintenance,le_3500,general_law,Caution,synthetic_augmented_v3,Synthetic clause generated for dataset expansion; heuristic risk assignment.,le_3500,general_law,False
DEL-MA-638-V3,Landlord shall maintain common areas; tenant shall maintain the interior.,delhi,maintenance,above_3500,market_convention,Safe,synthetic_augmented_v3,Synthetic clause generated for dataset expansion; heuristic risk assignment.,above_3500,market_convention,False
DEL-MA-729-V3,"Landlord shall be responsible for structural repairs, tenant for routine maintenance.",delhi,maintenance,le_3500,general_law,Safe,synthetic_augmented_v3,Synthetic clause generated for dataset expansion; heuristic risk assignment.,le_3500,general_law,False
DEL-MA-167-V3,Tenant shall notify landlord of any repair need within 90 days.,delhi,maintenance,le_3500,general_law,Caution,synthetic_augmented_v3,Synthetic clause generated for dataset expansion; heuristic risk assignment.,le_3500,general_law,False
DEL-MA-564-V3,"Tenant shall bear all repair costs, including major structural repairs.",delhi,maintenance,above_3500,market_convention,Safe,synthetic_augmented_v3,Synthetic clause generated for dataset expansion; heuristic risk assignment.,above_3500,market_convention,False
DEL-MA-819-V3,Tenant shall notify landlord of any repair need within 60 days.,delhi,maintenance,above_3500,market_convention,Caution,synthetic_augmented_v3,Synthetic clause generated for dataset expansion; heuristic risk assignment.,above_3500,market_convention,False
DEL-MA-794-V3,Tenant shall notify landlord of any repair need within 30 days.,delhi,maintenance,above_3500,market_convention,Caution,synthetic_augmented_v3,Synthetic clause generated for dataset expansion; heuristic risk assignment.,above_3500,market_convention,False
DEL-MA-396-V3,Tenant shall notify landlord of any repair need within 45 days.,delhi,maintenance,above_3500,market_convention,Caution,synthetic_augmented_v3,Synthetic clause generated for dataset expansion; heuristic risk assignment.,above_3500,market_convention,False
DEL-MA-844-V3,Tenant shall notify landlord of any repair need within 15 days.,delhi,maintenance,le_3500,general_law,Caution,synthetic_augmented_v3,Synthetic clause generated for dataset expansion; heuristic risk assignment.,le_3500,general_law,False
DEL-RE-611-V3,Any rent increase must be agreed in writing by both parties.,delhi,rent_escalation,le_3500,general_law,Safe,synthetic_augmented_v3,Synthetic clause generated for dataset expansion; heuristic risk assignment.,le_3500,general_law,False
DEL-RE-189-V3,Rent shall be increased by 5% every 2 years as per applicable law.,delhi,rent_escalation,above_3500,market_convention,Safe,synthetic_augmented_v3,Synthetic clause generated for dataset expansion; heuristic risk assignment.,above_3500,market_convention,False
DEL-RE-620-V3,Rent shall be increased by 5% every 3 years as per applicable law.,delhi,rent_escalation,above_3500,market_convention,Safe,synthetic_augmented_v3,Synthetic clause generated for dataset expansion; heuristic risk assignment.,above_3500,market_convention,False
DEL-RE-578-V3,"Rent shall remain fixed for 5 years, then may be revised by mutual agreement.",delhi,rent_escalation,above_3500,market_convention,Caution,synthetic_augmented_v3,Synthetic clause generated for dataset expansion; heuristic risk assignment.,above_3500,market_convention,False
DEL-RE-630-V3,Landlord may increase rent at any time without notice.,delhi,rent_escalation,le_3500,general_law,High Risk,synthetic_augmented_v3,Synthetic clause generated for dataset expansion; heuristic risk assignment.,le_3500,general_law,False
DEL-RE-750-V3,"Rent shall remain fixed for 2 years, then may be revised by mutual agreement.",delhi,rent_escalation,le_3500,statutory,Caution,synthetic_augmented_v3,Synthetic clause generated for dataset expansion; heuristic risk assignment.,le_3500,statutory,False
DEL-RE-889-V3,"Rent shall remain fixed for 3 years, then may be revised by mutual agreement.",delhi,rent_escalation,le_3500,general_law,Caution,synthetic_augmented_v3,Synthetic clause generated for dataset expansion; heuristic risk assignment.,le_3500,general_law,False
DEL-RE-525-V3,Rent shall be increased by 8% every 5 years as per applicable law.,delhi,rent_escalation,le_3500,statutory,Safe,synthetic_augmented_v3,Synthetic clause generated for dataset expansion; heuristic risk assignment.,le_3500,statutory,False
DEL-RE-353-V3,Rent shall be increased by 15% every 1 years as per applicable law.,delhi,rent_escalation,le_3500,statutory,Safe,synthetic_augmented_v3,Synthetic clause generated for dataset expansion; heuristic risk assignment.,le_3500,statutory,False
DEL-RE-152-V3,Rent shall increase by 10% annually with 45 days' notice.,delhi,rent_escalation,above_3500,market_convention,Caution,synthetic_augmented_v3,Synthetic clause generated for dataset expansion; heuristic risk assignment.,above_3500,market_convention,False
DEL-RE-612-V3,Rent shall be increased by 25% every 2 years as per applicable law.,delhi,rent_escalation,above_3500,market_convention,Safe,synthetic_augmented_v3,Synthetic clause generated for dataset expansion; heuristic risk assignment.,above_3500,market_convention,False
DEL-RE-627-V3,Rent shall increase by 20% annually with 7 days' notice.,delhi,rent_escalation,le_3500,general_law,Caution,synthetic_augmented_v3,Synthetic clause generated for dataset expansion; heuristic risk assignment.,le_3500,general_law,False
DEL-RE-771-V3,Rent shall be increased by 15% every 3 years as per applicable law.,delhi,rent_escalation,above_3500,market_convention,Safe,synthetic_augmented_v3,Synthetic clause generated for dataset expansion; heuristic risk assignment.,above_3500,market_convention,False
DEL-RE-993-V3,Rent shall be increased by 20% every 2 years as per applicable law.,delhi,rent_escalation,above_3500,market_convention,Safe,synthetic_augmented_v3,Synthetic clause generated for dataset expansion; heuristic risk assignment.,above_3500,market_convention,False
DEL-RE-277-V3,Rent shall increase by 8% annually with 15 days' notice.,delhi,rent_escalation,above_3500,market_convention,Caution,synthetic_augmented_v3,Synthetic clause generated for dataset expansion; heuristic risk assignment.,above_3500,market_convention,False
DEL-RE-591-V3,Rent shall be increased by 10% every 3 years as per applicable law.,delhi,rent_escalation,above_3500,market_convention,Safe,synthetic_augmented_v3,Synthetic clause generated for dataset expansion; heuristic risk assignment.,above_3500,market_convention,False
DEL-RE-394-V3,Rent shall be increased by 10% every 1 years as per applicable law.,delhi,rent_escalation,le_3500,statutory,Safe,synthetic_augmented_v3,Synthetic clause generated for dataset expansion; heuristic risk assignment.,le_3500,statutory,False
DEL-RE-153-V3,Rent shall be increased by 8% every 1 years as per applicable law.,delhi,rent_escalation,le_3500,general_law,Safe,synthetic_augmented_v3,Synthetic clause generated for dataset expansion; heuristic risk assignment.,le_3500,general_law,False
DEL-RE-999-V3,Rent shall increase by 12% annually with 30 days' notice.,delhi,rent_escalation,le_3500,general_law,Caution,synthetic_augmented_v3,Synthetic clause generated for dataset expansion; heuristic risk assignment.,le_3500,general_law,False
DEL-RE-506-V3,Rent shall increase by 15% annually with 60 days' notice.,delhi,rent_escalation,le_3500,general_law,Caution,synthetic_augmented_v3,Synthetic clause generated for dataset expansion; heuristic risk assignment.,le_3500,general_law,False
DEL-RE-297-V3,Rent shall increase by 20% annually with 30 days' notice.,delhi,rent_escalation,above_3500,market_convention,Caution,synthetic_augmented_v3,Synthetic clause generated for dataset expansion; heuristic risk assignment.,above_3500,market_convention,False
DEL-RE-681-V3,Rent shall increase by 12% annually with 15 days' notice.,delhi,rent_escalation,above_3500,market_convention,Caution,synthetic_augmented_v3,Synthetic clause generated for dataset expansion; heuristic risk assignment.,above_3500,market_convention,False
DEL-RE-373-V3,Rent shall increase by 10% annually with 15 days' notice.,delhi,rent_escalation,le_3500,general_law,Caution,synthetic_augmented_v3,Synthetic clause generated for dataset expansion; heuristic risk assignment.,le_3500,general_law,False
DEL-RE-846-V3,Rent shall increase by 12% annually with 7 days' notice.,delhi,rent_escalation,le_3500,general_law,Caution,synthetic_augmented_v3,Synthetic clause generated for dataset expansion; heuristic risk assignment.,le_3500,general_law,False
DEL-RE-396-V3,Rent shall increase by 12% annually with 90 days' notice.,delhi,rent_escalation,le_3500,statutory,Caution,synthetic_augmented_v3,Synthetic clause generated for dataset expansion; heuristic risk assignment.,le_3500,statutory,False
DEL-RE-486-V3,Rent shall be increased by 5% every 5 years as per applicable law.,delhi,rent_escalation,le_3500,statutory,Safe,synthetic_augmented_v3,Synthetic clause generated for dataset expansion; heuristic risk assignment.,le_3500,statutory,False
DEL-RE-345-V3,Rent shall be increased by 20% every 1 years as per applicable law.,delhi,rent_escalation,le_3500,general_law,Safe,synthetic_augmented_v3,Synthetic clause generated for dataset expansion; heuristic risk assignment.,le_3500,general_law,False
DEL-TE-577-V3,Eviction shall only be through due process of law.,delhi,termination_eviction,above_3500,market_convention,Safe,synthetic_augmented_v3,Synthetic clause generated for dataset expansion; heuristic risk assignment.,above_3500,market_convention,False
DEL-TE-116-V3,Tenant shall vacate on expiry of the term without notice.,delhi,termination_eviction,le_3500,general_law,High Risk,synthetic_augmented_v3,Synthetic clause generated for dataset expansion; heuristic risk assignment.,le_3500,general_law,False
DEL-TE-335-V3,Tenant waives all rights to legal notice or hearing before eviction.,delhi,termination_eviction,above_3500,general_law,High Risk,synthetic_augmented_v3,Synthetic clause generated for dataset expansion; heuristic risk assignment.,above_3500,general_law,False
DEL-TE-272-V3,Landlord may change locks immediately if rent is delayed.,delhi,termination_eviction,above_3500,general_law,High Risk,synthetic_augmented_v3,Synthetic clause generated for dataset expansion; heuristic risk assignment.,above_3500,general_law,False
DEL-TE-988-V3,Landlord may terminate for non-payment of rent after 45 days' notice.,delhi,termination_eviction,le_3500,statutory,Caution,synthetic_augmented_v3,Synthetic clause generated for dataset expansion; heuristic risk assignment.,le_3500,statutory,False
DEL-TE-415-V3,Landlord may terminate for non-payment of rent after 90 days' notice.,delhi,termination_eviction,le_3500,statutory,Caution,synthetic_augmented_v3,Synthetic clause generated for dataset expansion; heuristic risk assignment.,le_3500,statutory,False
DEL-TE-426-V3,Landlord may terminate for non-payment of rent after 30 days' notice.,delhi,termination_eviction,above_3500,market_convention,Caution,synthetic_augmented_v3,Synthetic clause generated for dataset expansion; heuristic risk assignment.,above_3500,market_convention,False
DEL-TE-337-V3,Landlord may terminate for non-payment of rent after 15 days' notice.,delhi,termination_eviction,above_3500,market_convention,Caution,synthetic_augmented_v3,Synthetic clause generated for dataset expansion; heuristic risk assignment.,above_3500,market_convention,False
DEL-TE-918-V3,Landlord may terminate for non-payment of rent after 60 days' notice.,delhi,termination_eviction,le_3500,general_law,Caution,synthetic_augmented_v3,Synthetic clause generated for dataset expansion; heuristic risk assignment.,le_3500,general_law,False
DEL-DO-539-V3,The premises description and rent shall be stated clearly.,delhi,documentation,le_3500,general_law,Safe,synthetic_augmented_v3,Synthetic clause generated for dataset expansion; heuristic risk assignment.,le_3500,general_law,False
DEL-DO-631-V3,The agreement shall be signed by both parties and a copy retained by each.,delhi,documentation,le_3500,general_law,Safe,synthetic_augmented_v3,Synthetic clause generated for dataset expansion; heuristic risk assignment.,le_3500,general_law,False
DEL-DO-172-V3,The tenant shall not receive a copy of the executed agreement.,delhi,documentation,above_3500,market_convention,Safe,synthetic_augmented_v3,Synthetic clause generated for dataset expansion; heuristic risk assignment.,above_3500,market_convention,False
DEL-DO-240-V3,Any amendment must be in writing and signed by both parties.,delhi,documentation,above_3500,market_convention,Safe,synthetic_augmented_v3,Synthetic clause generated for dataset expansion; heuristic risk assignment.,above_3500,market_convention,False
DEL-DO-865-V3,A move-in inventory shall be attached and signed.,delhi,documentation,le_3500,general_law,Safe,synthetic_augmented_v3,Synthetic clause generated for dataset expansion; heuristic risk assignment.,le_3500,general_law,False
DEL-RE-985-V3,Rent may be withheld if landlord fails to make repairs.,delhi,rent_payment,le_3500,general_law,Caution,synthetic_augmented_v3,Synthetic clause generated for dataset expansion; heuristic risk assignment.,le_3500,general_law,False
DEL-RE-829-V3,Rent is payable by the 15 of each month via bank transfer.,delhi,rent_payment,above_3500,market_convention,Safe,synthetic_augmented_v3,Synthetic clause generated for dataset expansion; heuristic risk assignment.,above_3500,market_convention,False
DEL-RE-698-V3,Rent shall be paid in cash without any receipt.,delhi,rent_payment,above_3500,market_convention,Safe,synthetic_augmented_v3,Synthetic clause generated for dataset expansion; heuristic risk assignment.,above_3500,market_convention,False
DEL-RE-165-V3,Rent is payable by the 1 of each month via bank transfer.,delhi,rent_payment,above_3500,market_convention,Safe,synthetic_augmented_v3,Synthetic clause generated for dataset expansion; heuristic risk assignment.,above_3500,market_convention,False
DEL-RE-609-V3,Landlord shall provide a receipt for rent received.,delhi,rent_payment,le_3500,general_law,Safe,synthetic_augmented_v3,Synthetic clause generated for dataset expansion; heuristic risk assignment.,le_3500,general_law,False
DEL-RE-699-V3,Rent is payable by the 7 of each month via bank transfer.,delhi,rent_payment,above_3500,market_convention,Safe,synthetic_augmented_v3,Synthetic clause generated for dataset expansion; heuristic risk assignment.,above_3500,market_convention,False
DEL-RE-450-V3,Rent is payable by the 5 of each month via bank transfer.,delhi,rent_payment,le_3500,general_law,Safe,synthetic_augmented_v3,Synthetic clause generated for dataset expansion; heuristic risk assignment.,le_3500,general_law,False
DEL-RE-420-V3,Late payment attracts a penalty of 10% per day.,delhi,rent_payment,le_3500,general_law,Safe,synthetic_augmented_v3,Synthetic clause generated for dataset expansion; heuristic risk assignment.,le_3500,general_law,False
DEL-RE-149-V3,Late payment attracts a penalty of 15% per day.,delhi,rent_payment,le_3500,general_law,Safe,synthetic_augmented_v3,Synthetic clause generated for dataset expansion; heuristic risk assignment.,le_3500,general_law,False
DEL-RE-850-V3,Rent is payable by the 10 of each month via bank transfer.,delhi,rent_payment,above_3500,market_convention,Safe,synthetic_augmented_v3,Synthetic clause generated for dataset expansion; heuristic risk assignment.,above_3500,market_convention,False
DEL-RE-206-V3,Late payment attracts a penalty of 20% per day.,delhi,rent_payment,le_3500,general_law,Safe,synthetic_augmented_v3,Synthetic clause generated for dataset expansion; heuristic risk assignment.,le_3500,general_law,False
DEL-RE-221-V3,Late payment attracts a penalty of 12% per day.,delhi,rent_payment,above_3500,market_convention,Safe,synthetic_augmented_v3,Synthetic clause generated for dataset expansion; heuristic risk assignment.,above_3500,market_convention,False
DEL-RE-945-V3,Late payment attracts a penalty of 5% per day.,delhi,rent_payment,le_3500,general_law,Safe,synthetic_augmented_v3,Synthetic clause generated for dataset expansion; heuristic risk assignment.,le_3500,general_law,False
DEL-RE-944-V3,Late payment attracts a penalty of 8% per day.,delhi,rent_payment,above_3500,market_convention,Safe,synthetic_augmented_v3,Synthetic clause generated for dataset expansion; heuristic risk assignment.,above_3500,market_convention,False
DEL-LA-369-V3,Landlord may install cameras inside the leased premises.,delhi,landlord_entry_privacy,le_3500,general_law,Caution,synthetic_augmented_v3,Synthetic clause generated for dataset expansion; heuristic risk assignment.,le_3500,general_law,False
DEL-LA-778-V3,Landlord shall give at least 48 hours' notice before entering for inspection.,delhi,landlord_entry_privacy,le_3500,general_law,Caution,synthetic_augmented_v3,Synthetic clause generated for dataset expansion; heuristic risk assignment.,le_3500,general_law,False
DEL-LA-853-V3,Landlord shall give at least 24 hours' notice before entering for inspection.,delhi,landlord_entry_privacy,le_3500,general_law,Caution,synthetic_augmented_v3,Synthetic clause generated for dataset expansion; heuristic risk assignment.,le_3500,general_law,False
DEL-LA-140-V3,Tenant shall permit access for repairs during reasonable hours.,delhi,landlord_entry_privacy,le_3500,general_law,Caution,synthetic_augmented_v3,Synthetic clause generated for dataset expansion; heuristic risk assignment.,le_3500,general_law,False
DEL-LA-328-V3,Entry for emergencies is permitted without notice.,delhi,landlord_entry_privacy,above_3500,general_law,High Risk,synthetic_augmented_v3,Synthetic clause generated for dataset expansion; heuristic risk assignment.,above_3500,general_law,False
DEL-LA-796-V3,Landlord shall give at least 72 hours' notice before entering for inspection.,delhi,landlord_entry_privacy,above_3500,market_convention,Caution,synthetic_augmented_v3,Synthetic clause generated for dataset expansion; heuristic risk assignment.,above_3500,market_convention,False
DEL-UT-851-V3,"Landlord shall bear property tax, tenant pays maintenance charges.",delhi,utilities_outgoings,above_3500,market_convention,Safe,synthetic_augmented_v3,Synthetic clause generated for dataset expansion; heuristic risk assignment.,above_3500,market_convention,False
DEL-UT-519-V3,Landlord may disconnect utilities to enforce rent payment.,delhi,utilities_outgoings,above_3500,general_law,High Risk,synthetic_augmented_v3,Synthetic clause generated for dataset expansion; heuristic risk assignment.,above_3500,general_law,False
DEL-UT-306-V3,Tenant shall reimburse landlord for any utility bill without documentation.,delhi,utilities_outgoings,le_3500,general_law,Safe,synthetic_augmented_v3,Synthetic clause generated for dataset expansion; heuristic risk assignment.,le_3500,general_law,False
DEL-UT-150-V3,Tenant shall pay electricity charges based on actual meter readings.,delhi,utilities_outgoings,above_3500,market_convention,Safe,synthetic_augmented_v3,Synthetic clause generated for dataset expansion; heuristic risk assignment.,above_3500,market_convention,False
DEL-UT-327-V3,Water charges shall be allocated according to society rules.,delhi,utilities_outgoings,above_3500,market_convention,Safe,synthetic_augmented_v3,Synthetic clause generated for dataset expansion; heuristic risk assignment.,above_3500,market_convention,False
DEL-SU-873-V3,Tenant may not use the premises for commercial purposes.,delhi,subletting,le_3500,general_law,Caution,synthetic_augmented_v3,Synthetic clause generated for dataset expansion; heuristic risk assignment.,le_3500,general_law,False
DEL-SU-581-V3,Any sublease shall remain subject to the original tenancy terms.,delhi,subletting,above_3500,market_convention,Caution,synthetic_augmented_v3,Synthetic clause generated for dataset expansion; heuristic risk assignment.,above_3500,market_convention,False
DEL-SU-564-V3,Tenant may host guests for up to 15 days without approval.,delhi,subletting,above_3500,market_convention,Caution,synthetic_augmented_v3,Synthetic clause generated for dataset expansion; heuristic risk assignment.,above_3500,market_convention,False
DEL-SU-669-V3,Family members may reside at the premises without consent.,delhi,subletting,above_3500,market_convention,Caution,synthetic_augmented_v3,Synthetic clause generated for dataset expansion; heuristic risk assignment.,above_3500,market_convention,False
DEL-SU-593-V3,Tenant shall not sublet without prior written consent.,delhi,subletting,le_3500,general_law,Caution,synthetic_augmented_v3,Synthetic clause generated for dataset expansion; heuristic risk assignment.,le_3500,general_law,False
DEL-SU-658-V3,Tenant may host guests for up to 90 days without approval.,delhi,subletting,above_3500,market_convention,Caution,synthetic_augmented_v3,Synthetic clause generated for dataset expansion; heuristic risk assignment.,above_3500,market_convention,False
DEL-SU-907-V3,Tenant may host guests for up to 45 days without approval.,delhi,subletting,above_3500,market_convention,Caution,synthetic_augmented_v3,Synthetic clause generated for dataset expansion; heuristic risk assignment.,above_3500,market_convention,False
DEL-SU-348-V3,Tenant may host guests for up to 7 days without approval.,delhi,subletting,le_3500,general_law,Caution,synthetic_augmented_v3,Synthetic clause generated for dataset expansion; heuristic risk assignment.,le_3500,general_law,False
DEL-SU-982-V3,Tenant may host guests for up to 60 days without approval.,delhi,subletting,above_3500,market_convention,Caution,synthetic_augmented_v3,Synthetic clause generated for dataset expansion; heuristic risk assignment.,above_3500,market_convention,False
DEL-DI-400-V3,Any dispute shall be resolved by arbitration in Delhi.,delhi,dispute_resolution,le_3500,general_law,Safe,synthetic_augmented_v3,Synthetic clause generated for dataset expansion; heuristic risk assignment.,le_3500,general_law,False
DEL-DI-293-V3,Landlord alone may decide any dispute.,delhi,dispute_resolution,above_3500,market_convention,Caution,synthetic_augmented_v3,Synthetic clause generated for dataset expansion; heuristic risk assignment.,above_3500,market_convention,False
DEL-DI-908-V3,Parties shall attempt mediation before litigation.,delhi,dispute_resolution,le_3500,general_law,Safe,synthetic_augmented_v3,Synthetic clause generated for dataset expansion; heuristic risk assignment.,le_3500,general_law,False
DEL-DI-288-V3,Tenant must pay all legal costs even if tenant prevails.,delhi,dispute_resolution,above_3500,market_convention,Caution,synthetic_augmented_v3,Synthetic clause generated for dataset expansion; heuristic risk assignment.,above_3500,market_convention,False
DEL-DI-141-V3,The tenant waives all rights to challenge landlord decisions.,delhi,dispute_resolution,above_3500,general_law,High Risk,synthetic_augmented_v3,Synthetic clause generated for dataset expansion; heuristic risk assignment.,above_3500,general_law,False
DEL-PO-476-V3,A final meter reading shall be recorded at handover.,delhi,possession_handover,above_3500,market_convention,Safe,synthetic_augmented_v3,Synthetic clause generated for dataset expansion; heuristic risk assignment.,above_3500,market_convention,False
DEL-PO-835-V3,"The tenant shall return the premises in the same condition, subject to wear and tear.",delhi,possession_handover,le_3500,general_law,Caution,synthetic_augmented_v3,Synthetic clause generated for dataset expansion; heuristic risk assignment.,le_3500,general_law,False
DEL-PO-982-V3,Any belongings left after handover may be discarded immediately.,delhi,possession_handover,le_3500,general_law,High Risk,synthetic_augmented_v3,Synthetic clause generated for dataset expansion; heuristic risk assignment.,le_3500,general_law,False
DEL-PO-943-V3,Landlord may refuse to accept possession until all repairs are done.,delhi,possession_handover,le_3500,general_law,Caution,synthetic_augmented_v3,Synthetic clause generated for dataset expansion; heuristic risk assignment.,le_3500,general_law,False
DEL-PO-825-V3,Tenant shall hand over possession on the agreed date with all keys.,delhi,possession_handover,above_3500,market_convention,Safe,synthetic_augmented_v3,Synthetic clause generated for dataset expansion; heuristic risk assignment.,above_3500,market_convention,False
DEL-PO-166-V3,A move-in inspection shall be conducted jointly and recorded.,delhi,possession_condition,le_3500,general_law,Safe,synthetic_augmented_v3,Synthetic clause generated for dataset expansion; heuristic risk assignment.,le_3500,general_law,False
DEL-PO-968-V3,The premises shall be returned in the condition documented at move-in.,delhi,possession_condition,le_3500,general_law,Safe,synthetic_augmented_v3,Synthetic clause generated for dataset expansion; heuristic risk assignment.,le_3500,general_law,False
DEL-PO-176-V3,Landlord shall not charge for ordinary wear and tear at exit.,delhi,possession_condition,above_3500,market_convention,Safe,synthetic_augmented_v3,Synthetic clause generated for dataset expansion; heuristic risk assignment.,above_3500,market_convention,False
DEL-PO-927-V3,The tenant waives any complaint about defects discovered after move-in.,delhi,possession_condition,above_3500,general_law,High Risk,synthetic_augmented_v3,Synthetic clause generated for dataset expansion; heuristic risk assignment.,above_3500,general_law,False
DEL-PO-420-V3,Tenant shall bear cost of repainting at the end of tenancy.,delhi,possession_condition,above_3500,market_convention,Safe,synthetic_augmented_v3,Synthetic clause generated for dataset expansion; heuristic risk assignment.,above_3500,market_convention,False
clause_id,clause_text,jurisdiction,clause_type,monthly_rent_bracket,legal_basis,risk_label,label_source,rationale,monthly_rent_bracket_raw,legal_basis_raw,flagged_for_review
DEL-DA-479-V4,Tenant shall notify landlord of any repair need within 7 days.,delhi,maintenance,le_3500,general_law,Caution,synthetic_augmented_v4,Synthetic clause generated for dataset expansion; heuristic risk assignment.,le_3500,general_law,False
DEL-TE-510-V4,Landlord shall repair major plumbing leaks within a reasonable time.,delhi,maintenance,above_3500,market_convention,Caution,synthetic_augmented_v4,Synthetic clause generated for dataset expansion; heuristic risk assignment.,above_3500,market_convention,False
DEL-DR-787-V4,Termination shall not extinguish accrued payment obligations.,delhi,termination_eviction,above_3500,market_convention,Safe,synthetic_augmented_v4,Synthetic clause generated for dataset expansion; heuristic risk assignment.,above_3500,market_convention,False
DEL-NL-107-V4,The tenant shall not be removed from the premises by self-help measures.,delhi,termination_eviction,le_3500,general_law,High Risk,synthetic_augmented_v4,Synthetic clause generated for dataset expansion; heuristic risk assignment.,le_3500,general_law,False
DEL-DR-199-V4,Digital signatures may be used if legally allowed.,delhi,documentation,le_3500,general_law,Caution,synthetic_augmented_v4,Synthetic clause generated for dataset expansion; heuristic risk assignment.,le_3500,general_law,False
DEL-RE-354-V4,The parties shall record the date of possession separately from signing.,delhi,documentation,le_3500,general_law,Safe,synthetic_augmented_v4,Synthetic clause generated for dataset expansion; heuristic risk assignment.,le_3500,general_law,False
DEL-DA-568-V4,The agreement shall include a schedule of rent and deposit.,delhi,documentation,above_3500,market_convention,Safe,synthetic_augmented_v4,Synthetic clause generated for dataset expansion; heuristic risk assignment.,above_3500,market_convention,False
DEL-SU-503-V4,Any change in payment account must be communicated in writing.,delhi,rent_payment,le_3500,general_law,Safe,synthetic_augmented_v4,Synthetic clause generated for dataset expansion; heuristic risk assignment.,le_3500,general_law,False
DEL-PH-119-V4,Rent shall be considered paid when the transfer is credited.,delhi,rent_payment,above_3500,market_convention,Safe,synthetic_augmented_v4,Synthetic clause generated for dataset expansion; heuristic risk assignment.,above_3500,market_convention,False
DEL-NL-354-V4,Tenant shall not be charged a convenience fee for electronic payment.,delhi,rent_payment,le_3500,general_law,Safe,synthetic_augmented_v4,Synthetic clause generated for dataset expansion; heuristic risk assignment.,le_3500,general_law,False
DEL-TE-718-V4,Landlord shall not use retained keys for routine entry without notice.,delhi,landlord_entry_privacy,above_3500,general_law,High Risk,synthetic_augmented_v4,Synthetic clause generated for dataset expansion; heuristic risk assignment.,above_3500,general_law,False
DEL-RP-456-V4,Access for meter reading shall be arranged with reasonable notice.,delhi,landlord_entry_privacy,above_3500,market_convention,Caution,synthetic_augmented_v4,Synthetic clause generated for dataset expansion; heuristic risk assignment.,above_3500,market_convention,False
DEL-DS-933-V4,Inspection requests must identify the purpose and time.,delhi,landlord_entry_privacy,above_3500,market_convention,Caution,synthetic_augmented_v4,Synthetic clause generated for dataset expansion; heuristic risk assignment.,above_3500,market_convention,False
DEL-UT-562-V4,Any fixed utility charge must be identified by amount or method.,delhi,utilities_outgoings,le_3500,general_law,Caution,synthetic_augmented_v4,Synthetic clause generated for dataset expansion; heuristic risk assignment.,le_3500,general_law,False
DEL-MR-167-V4,Tenant shall not be charged for pre-existing utility arrears.,delhi,utilities_outgoings,le_3500,general_law,Safe,synthetic_augmented_v4,Synthetic clause generated for dataset expansion; heuristic risk assignment.,le_3500,general_law,False
DEL-RE-265-V4,Tenant shall obtain prior approval before operating a business from the premises.,delhi,subletting,above_3500,market_convention,Caution,synthetic_augmented_v4,Synthetic clause generated for dataset expansion; heuristic risk assignment.,above_3500,market_convention,False
DEL-DA-128-V4,Subletting without consent may constitute a breach of the agreement.,delhi,subletting,le_3500,general_law,Caution,synthetic_augmented_v4,Synthetic clause generated for dataset expansion; heuristic risk assignment.,le_3500,general_law,False
DEL-DS-227-V4,The landlord may approve a replacement occupant through a written addendum.,delhi,subletting,above_3500,market_convention,Caution,synthetic_augmented_v4,Synthetic clause generated for dataset expansion; heuristic risk assignment.,above_3500,market_convention,False
DEL-UT-392-V4,The parties shall preserve all relevant records during a dispute.,delhi,dispute_resolution,above_3500,market_convention,Safe,synthetic_augmented_v4,Synthetic clause generated for dataset expansion; heuristic risk assignment.,above_3500,market_convention,False
DEL-EN-923-V4,Disputes concerning deposit deductions shall be supported by documents.,delhi,dispute_resolution,above_3500,market_convention,Safe,synthetic_augmented_v4,Synthetic clause generated for dataset expansion; heuristic risk assignment.,above_3500,market_convention,False
DEL-DA-707-V4,The dispute clause shall not prevent seeking urgent legal relief.,delhi,dispute_resolution,above_3500,market_convention,Safe,synthetic_augmented_v4,Synthetic clause generated for dataset expansion; heuristic risk assignment.,above_3500,market_convention,False
DEL-MR-641-V4,Final utility reconciliation may occur after handover if bills are pending.,delhi,possession_handover,above_3500,market_convention,Caution,synthetic_augmented_v4,Synthetic clause generated for dataset expansion; heuristic risk assignment.,above_3500,market_convention,False
DEL-RE-346-V4,The landlord shall provide a move-out statement with deductions.,delhi,possession_handover,le_3500,general_law,Safe,synthetic_augmented_v4,Synthetic clause generated for dataset expansion; heuristic risk assignment.,le_3500,general_law,False
DEL-SU-691-V4,The tenant shall not be charged for pre-existing defects.,delhi,possession_handover,above_3500,market_convention,Safe,synthetic_augmented_v4,Synthetic clause generated for dataset expansion; heuristic risk assignment.,above_3500,market_convention,False
DEL-SU-184-V4,Normal deterioration from ordinary use shall not be treated as damage.,delhi,possession_condition,le_3500,general_law,Safe,synthetic_augmented_v4,Synthetic clause generated for dataset expansion; heuristic risk assignment.,le_3500,general_law,False
DEL-PH-878-V4,A signed inventory of fixtures shall be attached at move-in.,delhi,possession_condition,le_3500,general_law,Safe,synthetic_augmented_v4,Synthetic clause generated for dataset expansion; heuristic risk assignment.,le_3500,general_law,False
DEL-SU-269-V4,Landlord may deduct for damage caused by the tenant's guests.,delhi,possession_condition,above_3500,market_convention,Caution,synthetic_augmented_v4,Synthetic clause generated for dataset expansion; heuristic risk assignment.,above_3500,market_convention,False
